output_type	ontology_curie	max_abs_raw_score	max_quantile_score	n_rows
SPLICE_SITE_USAGE	UBERON:0008450	0.9525757	0.99999	2
SPLICE_SITE_USAGE	UBERON:0036149	0.93356323	0.99999	2
SPLICE_SITE_USAGE	UBERON:0008952	0.92523193	0.99999	2
SPLICE_SITE_USAGE	UBERON:0008367	0.93344116	0.99999	2
SPLICE_SITE_USAGE	UBERON:0007610	0.9381256	0.99999	1
SPLICE_SITE_USAGE	UBERON:0007106	0.9322815	0.99999	1
SPLICE_SITE_USAGE	UBERON:0006920	0.94584656	0.99999	2
SPLICE_SITE_USAGE	UBERON:0006631	0.95355225	0.99999	2
SPLICE_JUNCTIONS	CL:0000594	5.9960938	0.99999	4
SPLICE_JUNCTIONS	CL:0000623	4.875	0.99999	8
SPLICE_JUNCTIONS	CL:0000624	5.3242188	0.99999	8
SPLICE_JUNCTIONS	CL:0000625	5.2265625	0.99999	8
SPLICE_JUNCTIONS	CL:0000650	5.8007812	0.99999	4
SPLICE_JUNCTIONS	CL:0000679	4.9296875	0.99999	4
SPLICE_JUNCTIONS	CL:0000746	5.3671875	0.99999	8
SPLICE_JUNCTIONS	CL:0000788	4.984375	0.99999	4
SPLICE_JUNCTIONS	CL:0000792	5.3203125	0.99999	4
SPLICE_JUNCTIONS	CL:0000823	5.3945312	0.99999	4
SPLICE_JUNCTIONS	CL:0000837	4.96875	0.99999	4
SPLICE_JUNCTIONS	CL:0000842	4.453125	0.99999	4
SPLICE_JUNCTIONS	CL:0000895	5.3945312	0.99999	8
SPLICE_JUNCTIONS	CL:0000897	5.609375	0.99999	8
SPLICE_JUNCTIONS	CL:0000121	5.0898438	0.99999	4
SPLICE_JUNCTIONS	CL:0000127	6.1210938	0.99999	4
SPLICE_SITE_USAGE	UBERON:0002167	0.90945435	0.99999	1
SPLICE_SITE_USAGE	UBERON:0002168	0.9389343	0.99999	2
SPLICE_SITE_USAGE	UBERON:0002170	0.93922424	0.99999	1
SPLICE_SITE_USAGE	UBERON:0002171	0.93518066	0.99999	1
SPLICE_SITE_USAGE	UBERON:0002190	0.9337921	0.99999	2
SPLICE_SITE_USAGE	UBERON:0002240	0.934021	0.99999	2
SPLICE_SITE_USAGE	UBERON:0002245	0.9065552	0.99999	1
SPLICE_SITE_USAGE	UBERON:0002324	0.91537476	0.99999	1
SPLICE_SITE_USAGE	UBERON:0002331	0.7803116	0.99999	1
SPLICE_SITE_USAGE	UBERON:0002367	0.94039917	0.99999	2
SPLICE_SITE_USAGE	UBERON:0002021	0.90667725	0.99999	1
SPLICE_SITE_USAGE	UBERON:0002037	0.902771	0.99999	3
SPLICE_SITE_USAGE	UBERON:0002038	0.9185028	0.99999	1
SPLICE_SITE_USAGE	UBERON:0002046	0.92562866	0.99999	2
SPLICE_SITE_USAGE	UBERON:0002048	0.91363525	0.99999	2
SPLICE_SITE_USAGE	UBERON:0002078	0.94400024	0.99999	2
SPLICE_SITE_USAGE	UBERON:0002079	0.94573975	0.99999	1
SPLICE_SITE_USAGE	UBERON:0002080	0.9437256	0.99999	2
SPLICE_SITE_USAGE	UBERON:0002084	0.9580536	0.99999	2
SPLICE_SITE_USAGE	UBERON:0002097	0.9141388	0.99999	1
SPLICE_SITE_USAGE	UBERON:0002099	0.9390869	0.99999	1
SPLICE_SITE_USAGE	UBERON:0002106	0.9289856	0.99999	3
SPLICE_SITE_USAGE	UBERON:0002107	0.9645386	0.99999	2
SPLICE_SITE_USAGE	UBERON:0002108	0.9495239	0.99999	1
SPLICE_SITE_USAGE	UBERON:0002113	0.9419403	0.99999	2
SPLICE_SITE_USAGE	UBERON:0001515	0.87602234	0.99999	1
SPLICE_SITE_USAGE	UBERON:0001621	0.9341278	0.99999	1
SPLICE_SITE_USAGE	UBERON:0001723	0.92297363	0.99999	1
SPLICE_SITE_USAGE	UBERON:0001774	0.9338989	0.99999	1
SPLICE_SITE_USAGE	UBERON:0001870	0.92562866	0.99999	2
SPLICE_SITE_USAGE	UBERON:0001871	0.92230225	0.99999	1
SPLICE_SITE_USAGE	UBERON:0001872	0.8909302	0.99999	1
SPLICE_SITE_USAGE	UBERON:0001873	0.9181671	0.99999	1
SPLICE_SITE_USAGE	UBERON:0001874	0.9147949	0.99999	1
SPLICE_SITE_USAGE	UBERON:0001876	0.9109802	0.99999	1
SPLICE_SITE_USAGE	UBERON:0001882	0.9182739	0.99999	1
SPLICE_SITE_USAGE	UBERON:0001894	0.925354	0.99999	1
SPLICE_SITE_USAGE	UBERON:0001898	0.918396	0.99999	1
SPLICE_SITE_USAGE	UBERON:0001954	0.91078186	0.99999	1
SPLICE_SITE_USAGE	UBERON:0001987	0.95014954	0.99999	2
SPLICE_SITE_USAGE	UBERON:0001134	0.89945984	0.99999	1
SPLICE_SITE_USAGE	UBERON:0001150	0.938324	0.99999	2
SPLICE_SITE_USAGE	UBERON:0001157	0.94148254	0.99999	2
SPLICE_SITE_USAGE	UBERON:0001159	0.9540558	0.99999	3
SPLICE_SITE_USAGE	UBERON:0001211	0.94070435	0.99999	2
SPLICE_SITE_USAGE	UBERON:0001224	0.92207336	0.99999	1
SPLICE_SITE_USAGE	UBERON:0001225	0.93356323	0.99999	1
SPLICE_SITE_USAGE	UBERON:0001255	0.95632935	0.99999	3
SPLICE_SITE_USAGE	UBERON:0001264	0.93530273	0.99999	2
SPLICE_SITE_USAGE	UBERON:0001293	0.92988586	0.99999	1
SPLICE_SITE_USAGE	UBERON:0001322	0.9118042	0.99999	1
SPLICE_SITE_USAGE	UBERON:0001323	0.9217224	0.99999	2
SPLICE_SITE_USAGE	UBERON:0001383	0.93803406	0.99999	1
SPLICE_SITE_USAGE	UBERON:0001496	0.93421936	0.99999	2
SPLICE_SITE_USAGE	UBERON:0001499	0.84916687	0.99999	1
SPLICE_SITE_USAGE	UBERON:0000305	0.9289856	0.99999	1
SPLICE_SITE_USAGE	UBERON:0000317	0.9584656	0.99999	1
SPLICE_SITE_USAGE	UBERON:0000458	0.93011475	0.99999	1
SPLICE_SITE_USAGE	UBERON:0000473	0.9406738	0.99999	3
SPLICE_SITE_USAGE	UBERON:0000945	0.9567261	0.99999	3
SPLICE_SITE_USAGE	UBERON:0000947	0.9077606	0.99999	2
SPLICE_SITE_USAGE	UBERON:0000948	0.945282	0.99999	2
SPLICE_SITE_USAGE	UBERON:0000955	0.96136475	0.99999	1
SPLICE_SITE_USAGE	UBERON:0000992	0.95147705	0.99999	3
SPLICE_SITE_USAGE	UBERON:0000995	0.93022156	0.99999	2
SPLICE_SITE_USAGE	UBERON:0000996	0.92988586	0.99999	2
SPLICE_SITE_USAGE	UBERON:0001013	0.95196533	0.99999	1
SPLICE_SITE_USAGE	UBERON:0001043	0.94329834	0.99999	1
SPLICE_SITE_USAGE	UBERON:0001072	0.9306183	0.99999	1
SPLICE_SITE_USAGE	UBERON:0001114	0.9500427	0.99999	2
SPLICE_SITE_USAGE	UBERON:0001115	0.9468994	0.99999	1
SPLICE_SITE_USAGE	UBERON:0000056	0.91578674	0.99999	1
SPLICE_SITE_USAGE	UBERON:0000081	0.9026489	0.99999	1
SPLICE_SITE_USAGE	UBERON:0000088	0.94348145	0.99999	1
SPLICE_JUNCTIONS	CL:0000134	5.6875	0.99999	4
SPLICE_JUNCTIONS	CL:0000137	5.421875	0.99999	4
SPLICE_JUNCTIONS	CL:0000138	5.4453125	0.99999	4
SPLICE_JUNCTIONS	CL:0000169	5.8632812	0.99999	4
SPLICE_JUNCTIONS	CL:0000182	5.7617188	0.99999	8
SPLICE_JUNCTIONS	CL:0000187	5.5	0.99999	8
SPLICE_JUNCTIONS	CL:0000192	5.7929688	0.99999	8
SPLICE_JUNCTIONS	CL:0000221	5.6757812	0.99999	4
SPLICE_JUNCTIONS	CL:0000222	5.6367188	0.99999	4
SPLICE_JUNCTIONS	CL:0000223	5.7460938	0.99999	8
SPLICE_JUNCTIONS	CL:0000236	5.0898438	0.99999	8
SPLICE_JUNCTIONS	CL:0000307	6.0664062	0.99999	4
SPLICE_JUNCTIONS	CL:0000312	5.765625	0.99999	4
SPLICE_JUNCTIONS	CL:0000346	5.5703125	0.99999	4
SPLICE_JUNCTIONS	CL:0000047	5.7148438	0.99999	4
SPLICE_JUNCTIONS	CL:0000062	5.6601562	0.99999	4
SPLICE_JUNCTIONS	CL:0000084	5.2578125	0.99999	8
SPLICE_JUNCTIONS	CL:0000100	6.5117188	0.99999	4
SPLICE_JUNCTIONS	CL:0000115	5.1914062	0.99999	4
SPLICE_JUNCTIONS	CL:0000900	5.375	0.99999	8
SPLICE_JUNCTIONS	CL:0000909	5.7109375	0.99999	8
SPLICE_JUNCTIONS	CL:0001053	5.4375	0.99999	4
SPLICE_JUNCTIONS	CL:0001054	5.0976562	0.99999	4
SPLICE_JUNCTIONS	CL:0001059	4.9335938	0.99999	4
SPLICE_JUNCTIONS	CL:0002098	5.8476562	0.99999	4
SPLICE_JUNCTIONS	CL:0002188	5.9414062	0.99999	4
SPLICE_JUNCTIONS	CL:0002306	5.9414062	0.99999	4
SPLICE_JUNCTIONS	CL:0002319	4.9726562	0.99999	4
SPLICE_JUNCTIONS	CL:0002324	5.3476562	0.99999	4
SPLICE_JUNCTIONS	CL:0002326	5.6484375	0.99999	4
SPLICE_JUNCTIONS	CL:0002327	5.6289062	0.99999	8
SPLICE_JUNCTIONS	CL:0002328	5.9804688	0.99999	4
SPLICE_JUNCTIONS	CL:0002351	5.5625	0.99999	4
SPLICE_JUNCTIONS	CL:0002366	6.2226562	0.99999	4
SPLICE_JUNCTIONS	CL:0002368	5.9179688	0.99999	4
SPLICE_JUNCTIONS	CL:0002372	5.8203125	0.99999	4
SPLICE_JUNCTIONS	CL:0002451	5.2929688	0.99999	4
SPLICE_JUNCTIONS	CL:0002518	5.6601562	0.99999	4
SPLICE_JUNCTIONS	CL:0002539	6.0039062	0.99999	4
SPLICE_JUNCTIONS	CL:0002540	5.6796875	0.99999	4
SPLICE_JUNCTIONS	CL:0002543	5.6835938	0.99999	4
SPLICE_JUNCTIONS	CL:0002545	5.6171875	0.99999	4
SPLICE_SITE_USAGE	NTR:0000493	0.95080566	0.99999	1
SPLICE_SITE_USAGE	NTR:0000494	0.951004	0.99999	1
SPLICE_SITE_USAGE	NTR:0000524	0.93551636	0.99999	1
SPLICE_SITE_USAGE	NTR:0000856	0.9585571	0.99999	1
SPLICE_SITE_USAGE	NTR:0003013	0.93585205	0.99999	1
SPLICE_SITE_USAGE	UBERON:0000007	0.9135132	0.99999	1
SPLICE_SITE_USAGE	UBERON:0000016	0.9319458	0.99999	1
SPLICE_SITE_USAGE	UBERON:0000019	0.91023254	0.99999	1
SPLICE_JUNCTIONS	CL:0002547	5.8125	0.99999	4
SPLICE_JUNCTIONS	CL:0002551	5.6054688	0.99999	4
SPLICE_JUNCTIONS	CL:0002553	6.2773438	0.99999	8
SPLICE_JUNCTIONS	CL:0002558	5.7734375	0.99999	4
SPLICE_JUNCTIONS	CL:0002568	5.7617188	0.99999	4
SPLICE_JUNCTIONS	CL:0002570	5.6835938	0.99999	4
SPLICE_JUNCTIONS	CL:0002577	5.1875	0.99999	4
SPLICE_JUNCTIONS	CL:0002583	5.6445312	0.99999	4
SPLICE_JUNCTIONS	CL:0002584	6.1445312	0.99999	4
SPLICE_SITE_USAGE	EFO:0007089	0.95687866	0.99999	1
SPLICE_SITE_USAGE	EFO:0007950	0.93452454	0.99999	2
SPLICE_SITE_USAGE	EFO:0009318	0.9492798	0.99999	1
SPLICE_SITE_USAGE	EFO:0009747	0.94821167	0.99999	1
SPLICE_SITE_USAGE	EFO:0030018	0.9480591	0.99999	1
SPLICE_SITE_USAGE	NTR:0000427	0.93707275	0.99999	1
SPLICE_SITE_USAGE	NTR:0000491	0.95477295	0.99999	1
SPLICE_SITE_USAGE	NTR:0000492	0.94703674	0.99999	1
SPLICE_JUNCTIONS	CL:0002591	5.9804688	0.99999	4
SPLICE_JUNCTIONS	CL:0002592	5.8710938	0.99999	4
SPLICE_JUNCTIONS	CL:0002594	5.8632812	0.99999	4
SPLICE_JUNCTIONS	CL:0002597	6.1484375	0.99999	4
SPLICE_JUNCTIONS	CL:0002598	5.7929688	0.99999	4
SPLICE_JUNCTIONS	CL:0002600	5.84375	0.99999	4
SPLICE_JUNCTIONS	CL:0002601	6.0273438	0.99999	4
SPLICE_JUNCTIONS	CL:0002618	5.6484375	0.99999	8
SPLICE_JUNCTIONS	CL:0010002	5.8710938	0.99999	4
SPLICE_JUNCTIONS	CL:0010003	5.8046875	0.99999	4
SPLICE_JUNCTIONS	CL:0011012	5.4101562	0.99999	4
SPLICE_JUNCTIONS	CL:0011019	5.546875	0.99999	4
SPLICE_JUNCTIONS	CL:0011020	5.3125	0.99999	4
SPLICE_JUNCTIONS	CL:0011022	5.9804688	0.99999	4
SPLICE_JUNCTIONS	CL:1000458	5.53125	0.99999	4
SPLICE_JUNCTIONS	CL:1001568	6.0039062	0.99999	4
SPLICE_JUNCTIONS	CL:1001606	5.875	0.99999	8
SPLICE_JUNCTIONS	CL:1001608	5.3476562	0.99999	4
SPLICE_JUNCTIONS	CL:2000001	4.2265625	0.99999	4
SPLICE_JUNCTIONS	CL:2000007	5.9023438	0.99999	4
SPLICE_JUNCTIONS	CL:2000010	5.625	0.99999	4
SPLICE_JUNCTIONS	CL:2000011	5.9140625	0.99999	4
SPLICE_JUNCTIONS	CL:2000013	6.1289062	0.99999	4
SPLICE_JUNCTIONS	CL:2000016	5.8398438	0.99999	4
SPLICE_JUNCTIONS	CL:2000018	5.921875	0.99999	4
SPLICE_JUNCTIONS	CL:2000040	5.6992188	0.99999	4
SPLICE_JUNCTIONS	CL:2000041	5.9335938	0.99999	4
SPLICE_JUNCTIONS	CL:2000045	5.5078125	0.99999	4
SPLICE_JUNCTIONS	CL:2000066	6.0273438	0.99999	4
SPLICE_JUNCTIONS	CL:2000067	6.203125	0.99999	4
SPLICE_JUNCTIONS	CL:2000068	6.0625	0.99999	4
SPLICE_JUNCTIONS	CL:2000071	5.9179688	0.99999	4
SPLICE_JUNCTIONS	CL:2000078	5.5429688	0.99999	4
SPLICE_JUNCTIONS	CL:2000092	5.8320312	0.99999	4
SPLICE_JUNCTIONS	CL:2000093	6.0625	0.99999	4
SPLICE_JUNCTIONS	CL:2000094	6.3554688	0.99999	4
SPLICE_JUNCTIONS	CLO:0007045	5.640625	0.99999	4
SPLICE_JUNCTIONS	EFO:0000572	6.9179688	0.99999	4
SPLICE_JUNCTIONS	EFO:0001086	5.9648438	0.99999	4
SPLICE_JUNCTIONS	EFO:0001099	5.2539062	0.99999	4
SPLICE_JUNCTIONS	EFO:0001187	5.2382812	0.99999	8
SPLICE_JUNCTIONS	EFO:0001193	4.8984375	0.99999	4
SPLICE_JUNCTIONS	EFO:0001196	5.5742188	0.99999	8
SPLICE_JUNCTIONS	EFO:0001200	5.2304688	0.99999	4
SPLICE_JUNCTIONS	EFO:0001203	5.4570312	0.99999	8
SPLICE_JUNCTIONS	EFO:0002009	7.375	0.99999	4
SPLICE_JUNCTIONS	EFO:0002059	5.53125	0.99999	8
SPLICE_JUNCTIONS	EFO:0002067	5.2890625	0.99999	8
SPLICE_JUNCTIONS	EFO:0002074	5.2226562	0.99999	4
SPLICE_JUNCTIONS	EFO:0002101	5.640625	0.99999	4
SPLICE_JUNCTIONS	EFO:0002103	5.1796875	0.99999	4
SPLICE_JUNCTIONS	EFO:0002106	5.171875	0.99999	4
SPLICE_JUNCTIONS	EFO:0002150	5.4765625	0.99999	4
SPLICE_JUNCTIONS	EFO:0002179	5.4960938	0.99999	4
SPLICE_JUNCTIONS	EFO:0002184	5.9375	0.99999	4
SPLICE_JUNCTIONS	EFO:0002234	5.9492188	0.99999	4
SPLICE_JUNCTIONS	EFO:0002330	5.546875	0.99999	4
SPLICE_JUNCTIONS	EFO:0002713	5.6757812	0.99999	8
SPLICE_JUNCTIONS	EFO:0002779	5.65625	0.99999	4
SPLICE_JUNCTIONS	EFO:0002784	5.2539062	0.99999	8
SPLICE_JUNCTIONS	EFO:0002785	4.8125	0.99999	4
SPLICE_JUNCTIONS	EFO:0002786	4.6914062	0.99999	4
SPLICE_JUNCTIONS	EFO:0002791	4.96875	0.99999	4
SPLICE_JUNCTIONS	EFO:0002819	5.3828125	0.99999	4
SPLICE_JUNCTIONS	EFO:0002824	5.5625	0.99999	8
SPLICE_JUNCTIONS	EFO:0002847	5.2695312	0.99999	4
SPLICE_JUNCTIONS	EFO:0003042	5.9101562	0.99999	8
SPLICE_JUNCTIONS	EFO:0003044	5.4414062	0.99999	8
SPLICE_JUNCTIONS	EFO:0003045	5.4804688	0.99999	4
SPLICE_JUNCTIONS	EFO:0003072	5.28125	0.99999	4
SPLICE_JUNCTIONS	EFO:0005234	5.3476562	0.99999	4
SPLICE_JUNCTIONS	EFO:0005237	5.4804688	0.99999	4
SPLICE_JUNCTIONS	EFO:0005697	5.7070312	0.99999	4
SPLICE_JUNCTIONS	EFO:0005698	5.8320312	0.99999	4
SPLICE_JUNCTIONS	EFO:0005712	5.6601562	0.99999	4
SPLICE_JUNCTIONS	EFO:0005714	5.5507812	0.99999	8
SPLICE_JUNCTIONS	EFO:0005719	4.7929688	0.99999	4
SPLICE_JUNCTIONS	EFO:0005720	5.4179688	0.99999	8
SPLICE_JUNCTIONS	EFO:0005721	4.671875	0.99999	4
SPLICE_JUNCTIONS	EFO:0005722	4.9960938	0.99999	4
SPLICE_SITE_USAGE	EFO:0005722	0.94633484	0.99999	1
SPLICE_SITE_USAGE	EFO:0005723	0.9625244	0.99999	2
SPLICE_SITE_USAGE	EFO:0005725	0.8582382	0.99999	1
SPLICE_SITE_USAGE	EFO:0005904	0.9534302	0.99999	1
SPLICE_SITE_USAGE	EFO:0006270	0.9572296	0.99999	1
SPLICE_SITE_USAGE	EFO:0006711	0.9268799	0.99999	1
SPLICE_SITE_USAGE	EFO:0003072	0.955719	0.99999	1
SPLICE_SITE_USAGE	EFO:0005234	0.8892975	0.99999	1
SPLICE_SITE_USAGE	EFO:0005237	0.90454865	0.99999	1
SPLICE_SITE_USAGE	EFO:0005697	0.9653778	0.99999	1
SPLICE_SITE_USAGE	EFO:0005698	0.96136475	0.99999	1
SPLICE_SITE_USAGE	EFO:0005712	0.9615631	0.99999	1
SPLICE_SITE_USAGE	EFO:0005714	0.96195984	0.99999	2
SPLICE_SITE_USAGE	EFO:0005719	0.9308777	0.99999	1
SPLICE_SITE_USAGE	EFO:0005720	0.9612427	0.99999	2
SPLICE_SITE_USAGE	EFO:0005721	0.93603516	0.99999	1
SPLICE_JUNCTIONS	EFO:0005723	6.1054688	0.99999	8
SPLICE_JUNCTIONS	EFO:0005725	5.1796875	0.99999	4
SPLICE_JUNCTIONS	EFO:0005904	5.625	0.99999	4
SPLICE_JUNCTIONS	EFO:0006270	5.5273438	0.99999	4
SPLICE_JUNCTIONS	EFO:0006711	4.4414062	0.99999	4
SPLICE_JUNCTIONS	EFO:0007089	5.7421875	0.99999	4
SPLICE_JUNCTIONS	EFO:0007950	5.625	0.99999	8
SPLICE_JUNCTIONS	EFO:0009318	5.8945312	0.99999	4
SPLICE_JUNCTIONS	EFO:0009747	5.6601562	0.99999	4
SPLICE_JUNCTIONS	EFO:0030018	4.9960938	0.99999	4
SPLICE_JUNCTIONS	NTR:0000427	5.7109375	0.99999	4
SPLICE_JUNCTIONS	NTR:0000491	5.9570312	0.99999	4
SPLICE_JUNCTIONS	NTR:0000492	5.90625	0.99999	4
SPLICE_JUNCTIONS	NTR:0000493	5.8828125	0.99999	4
SPLICE_JUNCTIONS	NTR:0000494	5.9296875	0.99999	4
SPLICE_JUNCTIONS	NTR:0000524	6.0429688	0.99999	4
SPLICE_JUNCTIONS	NTR:0000856	6.0703125	0.99999	4
SPLICE_JUNCTIONS	NTR:0003013	5.8632812	0.99999	4
SPLICE_JUNCTIONS	UBERON:0000007	6.640625	0.99999	4
SPLICE_JUNCTIONS	UBERON:0000016	5.8515625	0.99999	4
SPLICE_JUNCTIONS	UBERON:0000019	5.3710938	0.99999	4
SPLICE_JUNCTIONS	UBERON:0000056	5.5351562	0.99999	4
SPLICE_JUNCTIONS	UBERON:0000081	6.2148438	0.99999	4
SPLICE_JUNCTIONS	UBERON:0000088	5.84375	0.99999	4
SPLICE_JUNCTIONS	UBERON:0000305	5.5117188	0.99999	4
SPLICE_JUNCTIONS	UBERON:0000317	6.0195312	0.99999	4
SPLICE_JUNCTIONS	UBERON:0000458	6.671875	0.99999	4
SPLICE_JUNCTIONS	UBERON:0000473	5.5117188	0.99999	12
SPLICE_JUNCTIONS	UBERON:0000945	7.1796875	0.99999	12
SPLICE_JUNCTIONS	UBERON:0000947	5.53125	0.99999	8
SPLICE_JUNCTIONS	UBERON:0000948	5.7226562	0.99999	8
SPLICE_JUNCTIONS	UBERON:0000955	6.0507812	0.99999	4
CONTACT_MAPS	EFO:0002824	0.023362927	0.99999	2
SPLICE_JUNCTIONS	UBERON:0000992	6.9726562	0.99999	12
SPLICE_JUNCTIONS	UBERON:0000995	7.171875	0.99999	8
SPLICE_JUNCTIONS	UBERON:0000996	7.2929688	0.99999	8
SPLICE_JUNCTIONS	UBERON:0001013	5.8320312	0.99999	4
SPLICE_JUNCTIONS	UBERON:0001043	5.8828125	0.99999	4
SPLICE_JUNCTIONS	UBERON:0001072	5.6484375	0.99999	4
SPLICE_JUNCTIONS	UBERON:0001114	6.25	0.99999	8
SPLICE_JUNCTIONS	UBERON:0001115	5.59375	0.99999	4
SPLICE_JUNCTIONS	UBERON:0001134	5.5273438	0.99999	4
SPLICE_JUNCTIONS	UBERON:0001150	6.4414062	0.99999	8
SPLICE_JUNCTIONS	UBERON:0001157	7.328125	0.99999	8
SPLICE_JUNCTIONS	UBERON:0001159	7.171875	0.99999	12
SPLICE_JUNCTIONS	UBERON:0001211	7.0117188	0.99999	8
SPLICE_JUNCTIONS	UBERON:0001224	5.8242188	0.99999	4
SPLICE_JUNCTIONS	UBERON:0001225	6.8671875	0.99999	4
SPLICE_JUNCTIONS	UBERON:0001255	7.0273438	0.99999	12
SPLICE_JUNCTIONS	UBERON:0001264	5.8359375	0.99999	8
SPLICE_JUNCTIONS	UBERON:0001293	6.0703125	0.99999	4
SPLICE_JUNCTIONS	UBERON:0001322	5.4570312	0.99999	4
SPLICE_JUNCTIONS	UBERON:0001323	6.7148438	0.99999	8
SPLICE_JUNCTIONS	UBERON:0001383	5.796875	0.99999	4
SPLICE_JUNCTIONS	UBERON:0001496	7.0742188	0.99999	8
SPLICE_JUNCTIONS	UBERON:0001499	5.59375	0.99999	4
SPLICE_JUNCTIONS	UBERON:0001515	5.3320312	0.99999	4
SPLICE_JUNCTIONS	UBERON:0001621	7.28125	0.99999	4
SPLICE_JUNCTIONS	UBERON:0001723	5.65625	0.99999	4
SPLICE_JUNCTIONS	UBERON:0001774	5.9375	0.99999	4
SPLICE_JUNCTIONS	UBERON:0001870	6.78125	0.99999	8
SPLICE_JUNCTIONS	UBERON:0001871	5.5234375	0.99999	4
SPLICE_JUNCTIONS	UBERON:0001872	5.453125	0.99999	4
SPLICE_JUNCTIONS	UBERON:0001873	6.8125	0.99999	4
SPLICE_JUNCTIONS	UBERON:0001874	6.65625	0.99999	4
SPLICE_JUNCTIONS	UBERON:0001876	6.6875	0.99999	4
SPLICE_JUNCTIONS	UBERON:0001882	6.7617188	0.99999	4
SPLICE_JUNCTIONS	UBERON:0001894	5.59375	0.99999	4
SPLICE_JUNCTIONS	UBERON:0001898	6.9023438	0.99999	4
SPLICE_JUNCTIONS	UBERON:0001954	6.7226562	0.99999	4
SPLICE_SITE_USAGE	EFO:0002713	0.9546356	0.99999	2
SPLICE_SITE_USAGE	EFO:0002779	0.960907	0.99999	1
SPLICE_SITE_USAGE	EFO:0002784	0.95288086	0.99999	2
SPLICE_SITE_USAGE	EFO:0002785	0.95617676	0.99999	1
SPLICE_SITE_USAGE	EFO:0002786	0.9472046	0.99999	1
SPLICE_SITE_USAGE	EFO:0002791	0.9525757	0.99999	1
SPLICE_SITE_USAGE	EFO:0002819	0.94584656	0.99999	1
SPLICE_SITE_USAGE	EFO:0002824	0.95648193	0.99999	2
SPLICE_SITE_USAGE	EFO:0002847	0.9419403	0.99999	1
SPLICE_SITE_USAGE	EFO:0003042	0.95365906	0.99999	2
SPLICE_SITE_USAGE	EFO:0003044	0.9575653	0.99999	2
SPLICE_SITE_USAGE	EFO:0003045	0.9456177	0.99999	1
SPLICE_JUNCTIONS	UBERON:0001987	5.8554688	0.99999	8
SPLICE_JUNCTIONS	UBERON:0002021	5.4609375	0.99999	4
SPLICE_JUNCTIONS	UBERON:0002037	6.0351562	0.99999	12
SPLICE_JUNCTIONS	UBERON:0002038	6.6875	0.99999	4
SPLICE_JUNCTIONS	UBERON:0002046	6.7695312	0.99999	8
SPLICE_JUNCTIONS	UBERON:0002048	6.0078125	0.99999	8
SPLICE_JUNCTIONS	UBERON:0002078	5.890625	0.99999	8
SPLICE_JUNCTIONS	UBERON:0002079	5.7695312	0.99999	4
SPLICE_JUNCTIONS	UBERON:0002080	6.0859375	0.99999	8
SPLICE_JUNCTIONS	UBERON:0002084	5.7890625	0.99999	8
SPLICE_JUNCTIONS	UBERON:0002097	5.875	0.99999	4
SPLICE_JUNCTIONS	UBERON:0002099	5.703125	0.99999	4
SPLICE_JUNCTIONS	UBERON:0002106	6.5664062	0.99999	12
SPLICE_JUNCTIONS	UBERON:0002107	6.0195312	0.99999	8
SPLICE_JUNCTIONS	UBERON:0002108	5.2382812	0.99999	4
SPLICE_SITE_USAGE	EFO:0001203	0.95072937	0.99999	2
SPLICE_SITE_USAGE	EFO:0002009	0.96546936	0.99999	1
SPLICE_SITE_USAGE	EFO:0002059	0.9612427	0.99999	2
SPLICE_SITE_USAGE	EFO:0002067	0.9496765	0.99999	2
SPLICE_SITE_USAGE	EFO:0002074	0.94584656	0.99999	1
SPLICE_SITE_USAGE	EFO:0002101	0.95796204	0.99999	1
SPLICE_SITE_USAGE	EFO:0002103	0.94148254	0.99999	1
SPLICE_SITE_USAGE	EFO:0002106	0.9425049	0.99999	1
SPLICE_SITE_USAGE	EFO:0002150	0.9616699	0.99999	1
SPLICE_SITE_USAGE	EFO:0002179	0.95072937	0.99999	1
SPLICE_SITE_USAGE	EFO:0002184	0.9653778	0.99999	1
SPLICE_SITE_USAGE	EFO:0002234	0.95861816	0.99999	1
SPLICE_SITE_USAGE	EFO:0002330	0.958313	0.99999	1
SPLICE_SITE_USAGE	EFO:0000572	0.9606323	0.99999	1
SPLICE_SITE_USAGE	EFO:0001086	0.95425415	0.99999	1
SPLICE_SITE_USAGE	EFO:0001099	0.949646	0.99999	1
SPLICE_SITE_USAGE	EFO:0001187	0.9616699	0.99999	2
SPLICE_SITE_USAGE	EFO:0001193	0.9460449	0.99999	1
SPLICE_SITE_USAGE	EFO:0001196	0.95765686	0.99999	2
SPLICE_SITE_USAGE	EFO:0001200	0.95365906	0.99999	1
SPLICE_SITE_USAGE	CL:2000045	0.94641113	0.99999	1
SPLICE_SITE_USAGE	CL:2000066	0.9586792	0.99999	1
SPLICE_SITE_USAGE	CL:2000067	0.96258545	0.99999	1
SPLICE_SITE_USAGE	CL:2000068	0.9624481	0.99999	1
SPLICE_SITE_USAGE	CL:2000071	0.9661255	0.99999	1
SPLICE_SITE_USAGE	CL:2000078	0.94641113	0.99999	1
SPLICE_SITE_USAGE	CL:2000092	0.9693756	0.99999	1
SPLICE_SITE_USAGE	CL:2000093	0.9655762	0.99999	1
SPLICE_SITE_USAGE	CL:2000094	0.960083	0.99999	1
SPLICE_SITE_USAGE	CLO:0007045	0.90865326	0.99999	1
SPLICE_JUNCTIONS	UBERON:0002113	5.765625	0.99999	8
SPLICE_JUNCTIONS	UBERON:0002167	5.6367188	0.99999	4
SPLICE_JUNCTIONS	UBERON:0002168	5.7617188	0.99999	8
SPLICE_JUNCTIONS	UBERON:0002170	5.6328125	0.99999	4
SPLICE_JUNCTIONS	UBERON:0002171	5.7382812	0.99999	4
SPLICE_JUNCTIONS	UBERON:0002190	7.3203125	0.99999	8
SPLICE_JUNCTIONS	UBERON:0002240	5.8632812	0.99999	8
SPLICE_JUNCTIONS	UBERON:0002245	6.1210938	0.99999	4
SPLICE_JUNCTIONS	UBERON:0002324	5.6054688	0.99999	4
SPLICE_JUNCTIONS	UBERON:0002331	5.4726562	0.99999	4
SPLICE_JUNCTIONS	UBERON:0002367	6.8867188	0.99999	8
SPLICE_JUNCTIONS	UBERON:0002369	7.0546875	0.99999	12
SPLICE_JUNCTIONS	UBERON:0002370	5.765625	0.99999	4
SPLICE_SITE_USAGE	CL:2000011	0.95765686	0.99999	1
SPLICE_SITE_USAGE	CL:2000013	0.935318	0.99999	1
SPLICE_SITE_USAGE	CL:2000016	0.9574585	0.99999	1
SPLICE_SITE_USAGE	CL:2000018	0.953949	0.99999	1
SPLICE_SITE_USAGE	CL:2000040	0.9502411	0.99999	1
SPLICE_SITE_USAGE	CL:2000041	0.96136475	0.99999	1
SPLICE_JUNCTIONS	UBERON:0002469	5.9375	0.99999	4
SPLICE_JUNCTIONS	UBERON:0003124	5.5976562	0.99999	4
SPLICE_JUNCTIONS	UBERON:0003662	5.71875	0.99999	4
SPLICE_JUNCTIONS	UBERON:0003663	5.6328125	0.99999	4
SPLICE_JUNCTIONS	UBERON:0003889	6.5	0.99999	4
SPLICE_JUNCTIONS	UBERON:0004264	7.03125	0.99999	8
SPLICE_JUNCTIONS	UBERON:0004538	5.8789062	0.99999	4
SPLICE_JUNCTIONS	UBERON:0004550	7.2265625	0.99999	8
SPLICE_JUNCTIONS	UBERON:0004648	7.2226562	0.99999	8
SPLICE_JUNCTIONS	UBERON:0004992	6.0664062	0.99999	4
SPLICE_JUNCTIONS	UBERON:0005033	5.7382812	0.99999	4
SPLICE_JUNCTIONS	UBERON:0005270	5.7929688	0.99999	4
SPLICE_JUNCTIONS	UBERON:0006330	7.0507812	0.99999	4
SPLICE_JUNCTIONS	UBERON:0006469	6.7382812	0.99999	4
SPLICE_JUNCTIONS	UBERON:0006566	6.8789062	0.99999	4
SPLICE_SITE_USAGE	CL:1000458	0.94641113	0.99999	1
SPLICE_SITE_USAGE	CL:1001568	0.9615631	0.99999	1
SPLICE_SITE_USAGE	CL:1001606	0.96832275	0.99999	2
SPLICE_SITE_USAGE	CL:1001608	0.9499512	0.99999	1
SPLICE_SITE_USAGE	CL:2000001	0.8487549	0.99999	1
SPLICE_SITE_USAGE	CL:2000007	0.9346161	0.99999	1
SPLICE_SITE_USAGE	CL:2000010	0.95796204	0.99999	1
SPLICE_SITE_USAGE	CL:0002600	0.94633484	0.99999	1
SPLICE_SITE_USAGE	CL:0002601	0.9462433	0.99999	1
SPLICE_SITE_USAGE	CL:0002618	0.949646	0.99999	2
SPLICE_SITE_USAGE	CL:0010002	0.95822144	0.99999	1
SPLICE_SITE_USAGE	CL:0010003	0.95796204	0.99999	1
SPLICE_SITE_USAGE	CL:0011012	0.94233704	0.99999	1
SPLICE_SITE_USAGE	CL:0011019	0.925354	0.99999	1
SPLICE_SITE_USAGE	CL:0011020	0.9459381	0.99999	1
SPLICE_SITE_USAGE	CL:0011022	0.9356308	0.99999	1
SPLICE_JUNCTIONS	UBERON:0006631	7.0664062	0.99999	8
SPLICE_JUNCTIONS	UBERON:0006920	7.234375	0.99999	8
SPLICE_JUNCTIONS	UBERON:0007106	6.0039062	0.99999	4
SPLICE_JUNCTIONS	UBERON:0007610	7.1875	0.99999	4
SPLICE_JUNCTIONS	UBERON:0008367	7.2773438	0.99999	8
SPLICE_JUNCTIONS	UBERON:0008450	5.8398438	0.99999	8
SPLICE_JUNCTIONS	UBERON:0008952	6.9296875	0.99999	8
SPLICE_JUNCTIONS	UBERON:0008953	5.9140625	0.99999	4
SPLICE_JUNCTIONS	UBERON:0008971	5.9453125	0.99999	4
SPLICE_JUNCTIONS	UBERON:0009834	6.8007812	0.99999	8
SPLICE_JUNCTIONS	UBERON:0009835	6.7695312	0.99999	4
SPLICE_JUNCTIONS	UBERON:0010414	7.34375	0.99999	8
SPLICE_JUNCTIONS	UBERON:0011907	6.5976562	0.99999	8
SPLICE_JUNCTIONS	UBERON:0012249	6.5898438	0.99999	4
SPLICE_JUNCTIONS	UBERON:0013756	5.7578125	0.99999	4
SPLICE_JUNCTIONS	UBERON:0015143	5.7851562	0.99999	4
SPLICE_JUNCTIONS	UBERON:0018115	5.8164062	0.99999	4
SPLICE_JUNCTIONS	UBERON:0018116	5.9335938	0.99999	4
SPLICE_JUNCTIONS	UBERON:0018117	5.8515625	0.99999	4
SPLICE_JUNCTIONS	UBERON:0018118	5.859375	0.99999	4
SPLICE_JUNCTIONS	UBERON:0036149	6.9882812	0.99999	8
SPLICE_SITE_USAGE	CL:0000047	0.9522705	0.99999	1
SPLICE_SITE_USAGE	CL:0002570	0.93878174	0.99999	1
SPLICE_SITE_USAGE	CL:0002577	0.9427643	0.99999	1
SPLICE_SITE_USAGE	CL:0002583	0.9465027	0.99999	1
SPLICE_SITE_USAGE	CL:0002584	0.9610138	0.99999	1
SPLICE_SITE_USAGE	CL:0002591	0.95365906	0.99999	1
SPLICE_SITE_USAGE	CL:0002592	0.9499512	0.99999	1
SPLICE_SITE_USAGE	CL:0002594	0.9540558	0.99999	1
SPLICE_SITE_USAGE	CL:0002597	0.9534302	0.99999	1
SPLICE_SITE_USAGE	CL:0002598	0.9460449	0.99999	1
SPLICE_SITE_USAGE	CL:0000062	0.9348755	0.99999	1
SPLICE_SITE_USAGE	CL:0000084	0.92323303	0.99999	2
SPLICE_SITE_USAGE	CL:0000100	0.92749023	0.99999	1
SPLICE_SITE_USAGE	CL:0000115	0.94551086	0.99999	1
SPLICE_SITE_USAGE	CL:0000121	0.84199524	0.99999	1
SPLICE_SITE_USAGE	CL:0000127	0.9516678	0.99999	1
SPLICE_SITE_USAGE	CL:0000134	0.96051025	0.99999	1
SPLICE_SITE_USAGE	CL:0000137	0.9428406	0.99999	1
SPLICE_SITE_USAGE	CL:0000138	0.949646	0.99999	1
SPLICE_SITE_USAGE	CL:0000169	0.94906616	0.99999	1
SPLICE_SITE_USAGE	CL:0000182	0.94906616	0.99999	2
SPLICE_SITE_USAGE	CL:0000187	0.9540558	0.99999	2
SPLICE_SITE_USAGE	CL:0000192	0.9538574	0.99999	2
SPLICE_SITE_USAGE	CL:0000221	0.950531	0.99999	1
SPLICE_SITE_USAGE	CL:0000222	0.9532013	0.99999	1
SPLICE_SITE_USAGE	CL:0000223	0.9451599	0.99999	2
SPLICE_SITE_USAGE	CL:0002543	0.9467468	0.99999	1
SPLICE_SITE_USAGE	CL:0002545	0.94259644	0.99999	1
SPLICE_SITE_USAGE	CL:0002547	0.9350281	0.99999	1
SPLICE_SITE_USAGE	CL:0002551	0.93104553	0.99999	1
SPLICE_SITE_USAGE	CL:0002553	0.9645386	0.99999	2
SPLICE_SITE_USAGE	CL:0002558	0.93878174	0.99999	1
SPLICE_SITE_USAGE	CL:0002568	0.9497528	0.99999	1
SPLICE_SITE_USAGE	CL:0000236	0.91204834	0.99999	2
SPLICE_SITE_USAGE	CL:0000307	0.9616699	0.99999	1
SPLICE_SITE_USAGE	CL:0000312	0.9630127	0.99999	1
SPLICE_SITE_USAGE	CL:0000346	0.93852234	0.99999	1
SPLICE_SITE_USAGE	CL:0000351	0.95947266	0.99999	1
SPLICE_SITE_USAGE	CL:0000515	0.9603882	0.99999	2
SPLICE_SITE_USAGE	CL:0000594	0.9468231	0.99999	1
SPLICE_SITE_USAGE	CL:0000623	0.90327454	0.99999	2
SPLICE_SITE_USAGE	CL:0000624	0.93273926	0.99999	2
SPLICE_SITE_USAGE	CL:0000625	0.9366455	0.99999	2
SPLICE_SITE_USAGE	CL:0000650	0.9653778	0.99999	1
SPLICE_SITE_USAGE	CL:0000679	0.91134644	0.99999	1
SPLICE_SITE_USAGE	CL:0000746	0.93803406	0.99999	2
SPLICE_SITE_USAGE	CL:0000788	0.9546509	0.99999	1
SPLICE_SITE_USAGE	CL:0000792	0.960083	0.99999	1
SPLICE_SITE_USAGE	CL:0000823	0.95700073	0.99999	1
SPLICE_SITE_USAGE	CL:0002351	0.93792725	0.99999	1
SPLICE_SITE_USAGE	CL:0002366	0.9699402	0.99999	1
SPLICE_SITE_USAGE	CL:0002368	0.9656677	0.99999	1
SPLICE_SITE_USAGE	CL:0002372	0.95422363	0.99999	1
SPLICE_SITE_USAGE	CL:0002451	0.9218445	0.99999	1
SPLICE_SITE_USAGE	CL:0002518	0.96147156	0.99999	1
SPLICE_SITE_USAGE	CL:0002539	0.9499512	0.99999	1
SPLICE_SITE_USAGE	CL:0002540	0.942688	0.99999	1
SPLICE_SITE_USAGE	CL:0000837	0.9266052	0.99999	1
SPLICE_SITE_USAGE	CL:0000842	0.85292053	0.99999	1
SPLICE_SITE_USAGE	CL:0000895	0.96136475	0.99999	2
SPLICE_SITE_USAGE	CL:0000897	0.96147156	0.99999	2
SPLICE_SITE_USAGE	CL:0000900	0.9607849	0.99999	2
SPLICE_SITE_USAGE	CL:0000909	0.9623718	0.99999	2
SPLICE_SITE_USAGE	CL:0001053	0.958313	0.99999	1
SPLICE_SITE_USAGE	CL:0001054	0.93859863	0.99999	1
SPLICE_SITE_USAGE	CL:0001059	0.93356323	0.99999	1
SPLICE_SITE_USAGE	CL:0002098	0.9575653	0.99999	1
SPLICE_SITE_USAGE	CL:0002188	0.95448303	0.99999	1
SPLICE_SITE_USAGE	CL:0002306	0.96546936	0.99999	1
SPLICE_SITE_USAGE	CL:0002319	0.9185028	0.99999	1
SPLICE_SITE_USAGE	CL:0002324	0.9331665	0.99999	1
SPLICE_SITE_USAGE	CL:0002326	0.93258667	0.99999	1
SPLICE_SITE_USAGE	CL:0002327	0.95710754	0.99999	2
SPLICE_SITE_USAGE	CL:0002328	0.956604	0.99999	1
SPLICE_SITE_USAGE	UBERON:0006566	0.9350281	0.99999	1
SPLICE_SITE_USAGE	UBERON:0008953	0.9367981	0.99999	1
SPLICE_SITE_USAGE	UBERON:0008971	0.9418335	0.99999	1
SPLICE_SITE_USAGE	UBERON:0009834	0.92207336	0.99999	2
SPLICE_SITE_USAGE	UBERON:0009835	0.9185028	0.99999	1
SPLICE_SITE_USAGE	UBERON:0010414	0.9375763	0.99999	2
SPLICE_SITE_USAGE	UBERON:0011907	0.95111084	0.99999	2
SPLICE_SITE_USAGE	UBERON:0012249	0.92640686	0.99999	1
SPLICE_SITE_USAGE	UBERON:0013756	0.91578674	0.99999	1
SPLICE_SITE_USAGE	UBERON:0015143	0.93551636	0.99999	1
SPLICE_SITE_USAGE	UBERON:0018115	0.9215698	0.99999	1
SPLICE_SITE_USAGE	UBERON:0018116	0.92523193	0.99999	1
SPLICE_SITE_USAGE	UBERON:0018117	0.9175415	0.99999	1
SPLICE_SITE_USAGE	UBERON:0018118	0.929657	0.99999	1
SPLICE_JUNCTIONS	CL:0000351	6	0.99999	4
SPLICE_JUNCTIONS	CL:0000515	5.8710938	0.99999	8
SPLICE_SITE_USAGE	UBERON:0002369	0.9459381	0.99999	3
SPLICE_SITE_USAGE	UBERON:0002370	0.95632935	0.99999	1
SPLICE_SITE_USAGE	UBERON:0002469	0.95477295	0.99999	1
SPLICE_SITE_USAGE	UBERON:0003124	0.93258667	0.99999	1
SPLICE_SITE_USAGE	UBERON:0003662	0.91236115	0.99999	1
SPLICE_SITE_USAGE	UBERON:0003663	0.9085083	0.99999	1
SPLICE_SITE_USAGE	UBERON:0003889	0.92585754	0.99999	1
SPLICE_SITE_USAGE	UBERON:0004264	0.93634033	0.99999	2
SPLICE_SITE_USAGE	UBERON:0004538	0.9196167	0.99999	1
SPLICE_SITE_USAGE	UBERON:0004550	0.9344177	0.99999	2
SPLICE_SITE_USAGE	UBERON:0004648	0.9447632	0.99999	2
SPLICE_SITE_USAGE	UBERON:0004992	0.9291382	0.99999	1
SPLICE_SITE_USAGE	UBERON:0005033	0.94659424	0.99999	1
SPLICE_SITE_USAGE	UBERON:0005270	0.9219513	0.99999	1
SPLICE_SITE_USAGE	UBERON:0006330	0.92988586	0.99999	1
SPLICE_SITE_USAGE	UBERON:0006469	0.92240906	0.99999	1
CHIP_HISTONE	EFO:0007086	11654	0.99998	14
RNA_SEQ	UBERON:0011907	2.0621178	0.99998	154
CHIP_HISTONE	UBERON:0000955	7503	0.99998	10
CHIP_HISTONE	UBERON:0000320	8645	0.99998	14
CHIP_HISTONE	UBERON:0000945	7227	0.99998	12
CHIP_HISTONE	UBERON:0000947	4345.5	0.99998	6
CHIP_HISTONE	UBERON:0000996	5456	0.99998	8
CHIP_HISTONE	UBERON:0000992	5828	0.99998	12
CHIP_HISTONE	UBERON:0001043	7021.5	0.99998	10
RNA_SEQ	CL:0000121	8.359209	0.99998	77
CHIP_HISTONE	UBERON:0001987	10306	0.99998	12
RNA_SEQ	CL:0000100	2.1295357	0.99998	77
RNA_SEQ	CL:0000127	4.1709085	0.99998	77
CHIP_HISTONE	UBERON:0000317	7771	0.99998	12
CHIP_HISTONE	UBERON:0008952	6518	0.99998	8
CHIP_HISTONE	UBERON:0002046	4182	0.99998	8
CHIP_HISTONE	UBERON:0002048	8145.5	0.99998	14
RNA_SEQ	CL:0000679	1.3022152	0.99998	77
CHIP_HISTONE	UBERON:0001873	7364	0.99998	10
CHIP_HISTONE	UBERON:0002038	6494	0.99998	10
CHIP_HISTONE	UBERON:0001323	8692	0.99998	12
CHIP_HISTONE	UBERON:0001383	11024	0.99998	12
CHIP_HISTONE	UBERON:0001496	5324	0.99998	10
CHIP_HISTONE	UBERON:0001515	4674	0.99998	8
CHIP_HISTONE	UBERON:0001774	10432	0.99998	12
CHIP_HISTONE	UBERON:0001871	6995	0.99998	10
CHIP_HISTONE	UBERON:0002171	7627	0.99998	10
CHIP_HISTONE	UBERON:0002170	6056	0.99998	8
CHIP_HISTONE	UBERON:0002168	8436	0.99998	12
CHIP_HISTONE	UBERON:0002113	6245	0.99998	10
CHIP_HISTONE	UBERON:0002108	5241	0.99998	12
CHIP_HISTONE	UBERON:0002107	7364	0.99998	12
CHIP_HISTONE	UBERON:0001264	4159	0.99998	10
CHIP_HISTONE	UBERON:0001211	5808	0.99998	10
CHIP_HISTONE	UBERON:0001159	4757	0.99998	10
CHIP_HISTONE	UBERON:0002967	6611	0.99998	10
CHIP_HISTONE	UBERON:0002686	5953	0.99998	10
CHIP_HISTONE	UBERON:0002370	9770	0.99998	12
CHIP_HISTONE	UBERON:0036149	6263	0.99998	10
CHIP_HISTONE	UBERON:0002367	3374	0.99998	6
CHIP_HISTONE	UBERON:0002305	6941	0.99998	10
CHIP_HISTONE	UBERON:0002240	8014	0.99998	10
CHIP_HISTONE	UBERON:0002080	6749	0.99998	12
CHIP_HISTONE	UBERON:0014455	8958	0.99998	14
CHIP_HISTONE	UBERON:0012489	6712	0.99998	10
CHIP_HISTONE	UBERON:0012488	7656	0.99998	10
CHIP_HISTONE	UBERON:0009834	6444	0.99998	12
CHIP_HISTONE	UBERON:0008953	5477	0.99998	12
CHIP_HISTONE	UBERON:0002106	8016	0.99998	12
CHIP_HISTONE	UBERON:0002084	5501	0.99998	12
CHIP_HISTONE	EFO:0006283	13414	0.99998	6
CHIP_HISTONE	UBERON:0008367	5582	0.99998	10
CHIP_HISTONE	UBERON:0004222	8156	0.99998	12
CHIP_HISTONE	UBERON:0004550	9798	0.99998	12
CHIP_HISTONE	UBERON:0004648	7576	0.99998	12
CHIP_HISTONE	UBERON:0006631	5188	0.99998	10
CHIP_HISTONE	UBERON:0006920	9710	0.99998	12
CHIP_HISTONE	UBERON:0007610	5900	0.99998	12
CHIP_HISTONE	CL:2000044	5075	0.99998	6
RNA_SEQ	UBERON:0004550	2.3098583	0.99998	154
RNA_SEQ	UBERON:0004648	2.3617244	0.99998	154
CHIP_HISTONE	CL:2000045	9852	0.99998	14
RNA_SEQ	UBERON:0002369	3.7225044	0.99998	308
CHIP_HISTONE	CL:0000775	5723	0.99998	12
CHIP_HISTONE	UBERON:0003346	8234	0.99998	10
CHIP_HISTONE	UBERON:0003124	8082	0.99998	8
CHIP_HISTONE	EFO:0005722	3657	0.99998	8
CHIP_HISTONE	EFO:0005715	5590	0.99998	8
CHIP_HISTONE	EFO:0001196	8642	0.99998	52
CHIP_HISTONE	EFO:0001182	12822	0.99998	6
CHIP_HISTONE	EFO:0005236	14332	0.99998	12
CHIP_HISTONE	EFO:0003045	7318	0.99998	12
CHIP_HISTONE	EFO:0003042	8397	0.99998	28
CHIP_HISTONE	EFO:0002860	7706	0.99998	10
CHIP_HISTONE	EFO:0007116	8903	0.99998	10
CHIP_HISTONE	EFO:0007112	8612	0.99998	14
CHIP_HISTONE	EFO:0007108	10626	0.99998	14
CHIP_HISTONE	EFO:0007107	1895.5	0.99998	4
CHIP_HISTONE	EFO:0007102	8968	0.99998	10
CHIP_HISTONE	EFO:0007096	6189.5	0.99998	8
CHIP_HISTONE	UBERON:0018112	6002	0.99998	8
RNA_SEQ	UBERON:0009834	4.1433115	0.99998	154
CHIP_HISTONE	EFO:0005907	9068	0.99998	14
CHIP_HISTONE	EFO:0005904	8971	0.99998	6
CHIP_HISTONE	EFO:0006270	1837	0.99998	8
CHIP_HISTONE	CL:0002618	7022	0.99998	18
CHIP_HISTONE	CL:1001606	11896	0.99998	14
CHIP_HISTONE	CL:1001608	9497	0.99998	12
CHIP_HISTONE	CL:2000001	9135	0.99998	14
CHIP_HISTONE	EFO:0005725	4121	0.99998	8
RNA_SEQ	UBERON:0003663	1.7525067	0.99998	77
RNA_SEQ	UBERON:0002331	0.52224314	0.99998	77
RNA_SEQ	UBERON:0003662	1.8884779	0.99998	77
CHIP_HISTONE	EFO:0002783	8018	0.99998	4
CHIP_HISTONE	EFO:0002779	6585	0.99998	6
CHIP_HISTONE	EFO:0002330	4985	0.99998	8
CHIP_HISTONE	CL:0000625	5700	0.99998	14
CHIP_HISTONE	CL:0000624	10774	0.99998	12
CHIP_HISTONE	CL:0000623	7099	0.99998	10
CHIP_HISTONE	CL:0002553	9467	0.99998	16
CHIP_HISTONE	EFO:0002784	10934	0.99998	16
RNA_SEQ	CL:0002319	4.868997	0.99998	77
RNA_SEQ	UBERON:0002245	2.398235	0.99998	77
CHIP_HISTONE	CL:0000221	8786	0.99998	8
RNA_SEQ	UBERON:0002240	3.3287432	0.99998	231
RNA_SEQ	UBERON:0001870	3.5519109	0.99998	154
CHIP_HISTONE	CL:0000897	5235	0.99998	8
CHIP_HISTONE	CL:0000905	5971	0.99998	6
CHIP_HISTONE	CL:0000792	10970	0.99998	12
CHIP_HISTONE	CL:0000895	5708	0.99998	8
CHIP_HISTONE	CL:0000351	8345.75	0.99998	28
CHIP_HISTONE	CL:0000236	9878	0.99998	20
CHIP_HISTONE	CL:0000222	14544	0.99998	10
CHIP_HISTONE	CL:0000223	8670	0.99998	12
CHIP_HISTONE	CL:0000134	10591	0.99998	28
RNA_SEQ	UBERON:0001871	1.0430137	0.99998	77
CHIP_HISTONE	CL:0002324	8272	0.99998	12
CHIP_HISTONE	CL:0002326	7745	0.99998	8
RNA_SEQ	UBERON:0002084	2.5668201	0.99998	154
RNA_SEQ	UBERON:0002097	0.88261575	0.99998	77
RNA_SEQ	UBERON:0002167	2.0193064	0.99998	77
RNA_SEQ	UBERON:0002168	2.1912096	0.99998	154
CHIP_HISTONE	NTR:0000493	5814	0.99998	12
CHIP_HISTONE	NTR:0000427	8926	0.99998	12
RNA_SEQ	UBERON:0018116	2.9880958	0.99998	77
RNA_SEQ	UBERON:0018115	2.718008	0.99998	77
RNA_SEQ	UBERON:1000010	4.7117243	0.99998	77
RNA_SEQ	UBERON:0005270	2.9255733	0.99998	77
RNA_SEQ	UBERON:0018117	2.989276	0.99998	77
RNA_SEQ	UBERON:0018118	3.5496852	0.99998	77
CHIP_HISTONE	EFO:0030018	10734	0.99998	18
CHIP_HISTONE	UBERON:0001134	8082	0.99998	12
CHIP_HISTONE	NTR:0003079	7313	0.99998	8
RNA_SEQ	EFO:0003072	6.7143435	0.99998	154
CHIP_HISTONE	UBERON:0002369	4379	0.99998	12
RNA_SEQ	CL:0000047	3.4625819	0.99998	77
CHIP_HISTONE	NTR:0001407	8948	0.99998	10
RNA_SEQ	EFO:0005234	6.123887	0.99998	77
RNA_SEQ	EFO:0002713	6.4322166	0.99998	154
RNA_SEQ	EFO:0002234	5.4182553	0.99998	77
RNA_SEQ	EFO:0002150	6.451439	0.99998	77
CHIP_HISTONE	CL:0000136	8543	0.99998	12
CHIP_HISTONE	CL:0000047	8557	0.99998	22
RNA_SEQ	UBERON:0001383	2.0920863	0.99998	154
RNA_SEQ	UBERON:0002037	3.1469874	0.99998	231
RNA_SEQ	UBERON:0001159	4.3021584	0.99998	231
RNA_SEQ	CL:0011022	2.9692109	0.99998	77
RNA_SEQ	UBERON:0002021	1.030019	0.99998	77
CHIP_HISTONE	CL:0001059	11348	0.99998	12
CHIP_HISTONE	CL:0001054	12776	0.99998	22
RNA_SEQ	UBERON:0001255	3.2494378	0.99998	231
RNA_SEQ	UBERON:0001894	1.4515681	0.99998	77
CHIP_HISTONE	CL:0000084	10662	0.99998	12
RNA_SEQ	UBERON:0001872	0.7646892	0.99998	77
CHIP_HISTONE	CL:0000594	6855	0.99998	12
RNA_SEQ	NTR:0000427	2.7982352	0.99998	77
RNA_SEQ	EFO:0009747	5.658408	0.99998	154
RNA_SEQ	EFO:0005723	5.4821043	0.99998	154
RNA_SEQ	EFO:0005725	6.6636353	0.99998	77
CHIP_HISTONE	EFO:0007074	10300	0.99998	18
CHIP_HISTONE	EFO:0007076	6964	0.99998	6
CHIP_HISTONE	EFO:0007083	10504	0.99998	14
CHIP_HISTONE	UBERON:0000059	8862	0.99998	12
CHIP_HISTONE	UBERON:0000088	8408	0.99998	6
CHIP_HISTONE	UBERON:0000016	5365	0.99998	10
CHIP_HISTONE	UBERON:0000305	6491	0.99998	6
RNA_SEQ	UBERON:0000955	3.7012982	0.99998	77
RNA_SEQ	UBERON:0000948	2.9467175	0.99998	231
RNA_SEQ	UBERON:0000995	2.2355552	0.99998	154
RNA_SEQ	UBERON:0001134	0.65171427	0.99998	77
RNA_SEQ	UBERON:0000473	4.2498765	0.99998	308
RNA_SEQ	UBERON:0001723	0.83529675	0.99998	77
RNA_SEQ	CL:2000067	2.6346447	0.99998	77
RNA_SEQ	EFO:0002179	5.28415	0.99998	77
RNA_SEQ	EFO:0002067	12.337762	0.99998	231
RNA_SEQ	NTR:0000524	3.1875	0.99998	77
RNA_SEQ	UBERON:0000016	2.689512	0.99998	77
RNA_SEQ	UBERON:0000019	1.0232801	0.99998	77
RNA_SEQ	CL:2000068	2.6920862	0.99998	77
RNA_SEQ	EFO:0002184	6.858363	0.99997956	77
RNA_SEQ	UBERON:0009835	3.9541366	0.99997956	77
RNA_SEQ	CL:0000222	3.5001798	0.99997956	77
RNA_SEQ	UBERON:0004538	2.4401977	0.9999791	77
RNA_SEQ	UBERON:0002324	1.9830204	0.9999791	77
RNA_SEQ	CL:0000223	3.279946	0.9999791	154
RNA_SEQ	EFO:0002101	4.594874	0.9999791	77
RNA_SEQ	CL:0002366	4.4566097	0.9999791	77
CHIP_HISTONE	CL:0000062	10720	0.9999791	18
RNA_SEQ	UBERON:0001224	2.8625	0.9999791	77
RNA_SEQ	CL:2000013	3.6654	0.9999791	77
CHIP_HISTONE	CL:0000909	5174	0.99997854	8
RNA_SEQ	CL:0010003	2.969683	0.99997854	77
RNA_SEQ	CL:0000746	4.901057	0.99997854	154
RNA_SEQ	CL:0002584	2.6225607	0.99997807	77
RNA_SEQ	CL:0000897	5.7039566	0.99997807	154
RNA_SEQ	UBERON:0000945	4.5735497	0.99997807	308
RNA_SEQ	CL:0000307	2.455036	0.99997807	77
RNA_SEQ	UBERON:0001873	3.6256745	0.99997807	77
RNA_SEQ	UBERON:0008450	3.1108701	0.99997807	154
RNA_SEQ	CL:0000650	2.966513	0.99997807	77
RNA_SEQ	UBERON:0004264	1.8644278	0.9999775	154
CHIP_HISTONE	EFO:0007089	11094	0.9999775	14
RNA_SEQ	UBERON:0001874	3.5502024	0.9999775	77
RNA_SEQ	CL:0000137	1.5504489	0.9999775	77
RNA_SEQ	CL:2000093	4.688242	0.9999775	77
RNA_SEQ	UBERON:0001774	1.443306	0.9999775	77
RNA_SEQ	UBERON:0000947	3.459892	0.9999775	154
RNA_SEQ	UBERON:0002113	6.0103154	0.9999775	231
RNA_SEQ	UBERON:0002038	3.512691	0.9999775	77
RNA_SEQ	EFO:0007089	4.0788445	0.99997705	77
RNA_SEQ	CL:0000138	1.5562521	0.99997705	77
RNA_SEQ	EFO:0005721	3.6808903	0.99997705	77
CHIP_HISTONE	CL:0002372	8141	0.99997705	18
RNA_SEQ	UBERON:0000992	4.079811	0.99997705	308
RNA_SEQ	EFO:0005904	3.5575988	0.99997705	77
RNA_SEQ	EFO:0002784	11.591021	0.99997705	231
RNA_SEQ	CL:0000134	3.292234	0.99997705	77
RNA_SEQ	UBERON:0006469	2.877012	0.99997705	77
RNA_SEQ	EFO:0002330	3.7225945	0.9999765	77
RNA_SEQ	EFO:0005697	5.2936378	0.9999765	77
RNA_SEQ	UBERON:0001876	3.6026304	0.9999765	77
RNA_SEQ	CL:2000094	1.7841783	0.9999765	77
RNA_SEQ	CL:0002098	2.5835319	0.9999765	77
RNA_SEQ	CL:0002306	3.886376	0.9999765	77
RNA_SEQ	CL:0002328	2.3422325	0.9999765	77
RNA_SEQ	CL:0002553	5.2535744	0.9999765	231
RNA_SEQ	UBERON:0001898	3.9919288	0.9999765	77
RNA_SEQ	UBERON:0001954	3.3228528	0.9999765	77
RNA_SEQ	UBERON:0000305	2.0920527	0.9999759	77
RNA_SEQ	CL:0002518	3.1544964	0.9999759	77
RNA_SEQ	CL:2000066	2.0020683	0.9999759	77
RNA_SEQ	UBERON:0001882	3.8543503	0.9999759	77
RNA_SEQ	UBERON:0001987	1.6052551	0.9999759	154
RNA_SEQ	CL:0002539	2.5066547	0.9999754	77
RNA_SEQ	CL:2000071	3.470706	0.9999754	77
RNA_SEQ	EFO:0001086	5.3874326	0.9999754	77
RNA_SEQ	CL:2000010	2.0669065	0.9999754	77
RNA_SEQ	UBERON:0001499	2.01866	0.9999754	77
RNA_SEQ	CL:2000016	1.7631183	0.9999754	77
RNA_SEQ	CL:0002368	3.250472	0.9999754	77
RNA_SEQ	CL:0002598	3.0080485	0.9999754	77
RNA_SEQ	CL:0000221	3.168233	0.9999748	77
RNA_SEQ	CL:0000312	4.5468636	0.9999748	154
RNA_SEQ	UBERON:0007610	2.4645345	0.9999748	77
RNA_SEQ	UBERON:0006631	2.620245	0.9999748	154
RNA_SEQ	UBERON:0002099	1.4493241	0.9999748	77
RNA_SEQ	CL:2000041	2.1260004	0.9999748	77
RNA_SEQ	NTR:0000493	1.8669618	0.9999748	77
RNA_SEQ	EFO:0005237	7.975674	0.9999748	77
RNA_SEQ	EFO:0003042	4.950225	0.9999748	231
RNA_SEQ	NTR:0000491	1.8998563	0.99997425	77
RNA_SEQ	EFO:0001196	4.6810703	0.99997425	154
RNA_SEQ	CL:2000011	2.1346111	0.99997425	77
RNA_SEQ	NTR:0000492	1.8968364	0.99997425	77
RNA_SEQ	EFO:0009318	2.7825737	0.9999736	77
RNA_SEQ	NTR:0000856	3.621255	0.9999736	77
RNA_SEQ	CL:0002372	3.119919	0.9999736	77
RNA_SEQ	CL:0000192	4.381542	0.9999736	154
RNA_SEQ	CL:2000092	3.959611	0.9999736	77
RNA_SEQ	CL:0002597	2.6680868	0.9999736	77
RNA_SEQ	EFO:0006270	4.523561	0.999973	77
RNA_SEQ	EFO:0005720	3.9708183	0.999973	154
RNA_SEQ	CL:0010002	2.6012478	0.999973	77
RNA_SEQ	CL:0000169	1.7115734	0.999973	77
RNA_SEQ	UBERON:0002367	2.1370616	0.999973	154
RNA_SEQ	CL:0002592	3.0669065	0.999973	77
RNA_SEQ	CL:1001568	2.8485162	0.999973	77
RNA_SEQ	EFO:0002779	4.9162097	0.999973	77
RNA_SEQ	EFO:0003044	3.0154002	0.999973	154
RNA_SEQ	CL:0000515	4.5600944	0.9999724	231
RNA_SEQ	UBERON:0000081	1.0136522	0.9999724	77
CHIP_HISTONE	EFO:0007598	4548	0.9999724	8
RNA_SEQ	CL:0000182	4.074753	0.99997175	154
RNA_SEQ	CL:2000045	3.091142	0.99997175	77
RNA_SEQ	CL:0002591	1.853198	0.99997175	77
RNA_SEQ	NTR:0000494	1.7948561	0.99997175	77
RNA_SEQ	CL:1001608	3.7271807	0.99997175	77
RNA_SEQ	EFO:0002059	4.9508767	0.99997175	154
RNA_SEQ	CL:2000018	2.4062948	0.9999711	77
RNA_SEQ	CL:0011020	2.2489884	0.9999711	77
RNA_SEQ	EFO:0005698	4.9201436	0.9999711	77
RNA_SEQ	CL:0002594	1.9944469	0.9999711	77
RNA_SEQ	UBERON:0002078	2.9261353	0.9999711	154
RNA_SEQ	EFO:0001203	5.259847	0.9999711	231
RNA_SEQ	EFO:0005714	6.463489	0.9999704	154
CHIP_HISTONE	CL:0000312	14938	0.9999704	16
RNA_SEQ	CL:0002601	2.4731114	0.9999704	77
CHIP_HISTONE	EFO:0001187	7496	0.9999697	20
RNA_SEQ	CL:0002618	4.690243	0.9999697	231
RNA_SEQ	CL:0002188	2.1951213	0.9999697	77
CHIP_HISTONE	UBERON:0011907	4599	0.9999697	10
RNA_SEQ	UBERON:0001323	2.0724258	0.9999697	154
RNA_SEQ	CLO:0007045	8.261128	0.9999697	77
RNA_SEQ	UBERON:0002080	2.0673127	0.999969	154
RNA_SEQ	CL:2000040	1.7664399	0.999969	77
RNA_SEQ	CL:1001606	4.2094088	0.999969	154
RNA_SEQ	EFO:0002824	5.1963577	0.999969	154
RNA_SEQ	UBERON:0001496	2.424202	0.9999683	154
RNA_SEQ	UBERON:0036149	1.8001405	0.9999683	154
RNA_SEQ	CL:0000187	4.4705486	0.9999683	154
RNA_SEQ	UBERON:0002370	2.8696718	0.9999683	154
RNA_SEQ	UBERON:0002106	2.8263226	0.9999683	308
RNA_SEQ	UBERON:0001322	0.8385187	0.9999683	77
RNA_SEQ	EFO:0003045	2.233555	0.9999675	77
RNA_SEQ	CL:0002324	2.7756743	0.9999675	77
RNA_SEQ	CL:0002327	3.2281923	0.9999675	154
RNA_SEQ	CL:0011012	1.9830794	0.9999675	77
RNA_SEQ	EFO:0007950	7.221663	0.9999675	154
RNA_SEQ	CL:0000351	2.604388	0.9999675	77
RNA_SEQ	EFO:0005712	4.42464	0.9999668	77
RNA_SEQ	EFO:0002106	2.0933354	0.9999668	77
CHIP_HISTONE	CL:0002328	6994	0.9999668	4
RNA_SEQ	CL:0000909	5.158678	0.9999668	154
RNA_SEQ	CL:0002600	2.3017874	0.9999668	77
RNA_SEQ	UBERON:0007106	1.5691546	0.999966	77
RNA_SEQ	CL:0002547	1.7108588	0.999966	77
RNA_SEQ	CL:0002351	1.4554491	0.999966	77
RNA_SEQ	CL:0000115	1.551937	0.999966	77
RNA_SEQ	UBERON:0003124	1.8981059	0.9999652	77
RNA_SEQ	CL:0011019	1.1004039	0.9999652	77
RNA_SEQ	UBERON:0001072	1.1293801	0.9999652	77
RNA_SEQ	UBERON:0002079	1.7733195	0.9999644	77
RNA_SEQ	UBERON:0001013	2.9270458	0.9999644	77
RNA_SEQ	UBERON:0000088	1.7360443	0.9999644	77
RNA_SEQ	UBERON:0002048	2.7418623	0.9999644	154
RNA_SEQ	UBERON:0000059	2.1537433	0.9999636	77
RNA_SEQ	CL:0000895	5.1959305	0.9999636	154
RNA_SEQ	UBERON:0000996	1.9649843	0.9999636	154
RNA_SEQ	EFO:0002074	3.188197	0.9999636	77
RNA_SEQ	EFO:0002791	3.6899729	0.9999636	154
RNA_SEQ	CL:0002558	1.2892761	0.9999627	77
RNA_SEQ	CL:0000900	5.8793616	0.99996185	154
CHIP_HISTONE	NTR:0000856	6070	0.99996185	14
RNA_SEQ	EFO:0002009	3.7076776	0.99996185	77
RNA_SEQ	CL:0000792	5.8277655	0.99996185	154
RNA_SEQ	CL:0000346	1.3094453	0.99996185	77
RNA_SEQ	UBERON:0001264	1.6126124	0.99996096	154
RNA_SEQ	CL:0002451	2.1588018	0.99996096	77
RNA_SEQ	UBERON:0002108	3.5485952	0.99996096	154
RNA_SEQ	CL:2000007	1.2990894	0.99996096	77
RNA_SEQ	UBERON:0012249	2.1004384	0.99996006	77
RNA_SEQ	CL:0002568	2.315552	0.99996006	77
RNA_SEQ	CL:0001054	5.2948065	0.99996006	154
RNA_SEQ	CL:0000823	6.008026	0.99996006	77
RNA_SEQ	UBERON:0000458	2.254946	0.99996006	77
RNA_SEQ	CL:0000062	1.2895008	0.9999591	77
RNA_SEQ	EFO:0005722	2.2062838	0.9999591	77
RNA_SEQ	CL:0001053	5.041704	0.9999591	77
RNA_SEQ	CL:0000594	2.201911	0.9999591	77
RNA_SEQ	NTR:0003013	1.6563455	0.9999591	77
RNA_SEQ	EFO:0001200	2.334611	0.9999591	77
RNA_SEQ	EFO:0001187	3.3848133	0.9999591	231
RNA_SEQ	UBERON:0001621	2.3621402	0.9999591	77
RNA_SEQ	UBERON:0003889	2.2588916	0.99995816	77
RNA_SEQ	UBERON:0002107	4.0697603	0.9999572	231
RNA_SEQ	UBERON:0006566	2.5413613	0.9999572	77
RNA_SEQ	CL:0000624	1.9005789	0.9999562	154
RNA_SEQ	UBERON:0001043	2.188343	0.9999562	77
RNA_SEQ	CL:2000078	1.7009667	0.9999562	77
RNA_SEQ	UBERON:0002469	1.5470688	0.9999552	77
CHIP_HISTONE	EFO:0002067	8705	0.9999552	20
RNA_SEQ	CL:0002551	1.3628035	0.9999541	77
RNA_SEQ	UBERON:0006920	1.927546	0.9999541	154
RNA_SEQ	UBERON:0000007	2.7721224	0.9999541	77
RNA_SEQ	UBERON:0002190	2.2445257	0.9999541	154
RNA_SEQ	UBERON:0002046	2.2408948	0.9999541	154
RNA_SEQ	UBERON:0001150	1.2556936	0.9999541	154
RNA_SEQ	UBERON:0005033	1.4701355	0.99995303	77
RNA_SEQ	UBERON:0001157	2.295453	0.99995303	154
RNA_SEQ	CL:1000458	1.564484	0.99995303	77
RNA_SEQ	CL:0002570	1.3632138	0.99995303	77
RNA_SEQ	UBERON:0008367	2.3006968	0.99995303	154
RNA_SEQ	CL:0002540	1.4920919	0.99995303	77
RNA_SEQ	UBERON:0006330	1.9684914	0.99995303	77
RNA_SEQ	CL:0002545	1.3117243	0.99995303	77
RNA_SEQ	EFO:0001193	2.6549234	0.99995196	77
RNA_SEQ	UBERON:0010414	2.2718637	0.99995196	154
RNA_SEQ	CL:0002543	1.4557273	0.99995196	77
CHIP_HISTONE	UBERON:0001114	3956	0.99995196	8
RNA_SEQ	CL:0002577	1.1387814	0.9999508	77
RNA_SEQ	CL:0000625	1.7895066	0.9999497	154
RNA_SEQ	UBERON:0015143	1.1077468	0.9999485	77
RNA_SEQ	CL:0001059	2.3151417	0.9999485	77
RNA_SEQ	CL:0002326	2.3294065	0.9999485	77
RNA_SEQ	CL:0002583	1.4794233	0.9999485	77
RNA_SEQ	UBERON:0000317	1.5534861	0.9999485	77
RNA_SEQ	UBERON:0001515	0.69846	0.9999485	77
RNA_SEQ	UBERON:0008952	1.8923955	0.9999485	154
CHIP_HISTONE	EFO:0006711	9164	0.9999473	14
RNA_SEQ	UBERON:0002170	1.1132697	0.9999473	77
RNA_SEQ	UBERON:0001293	3.2418501	0.9999473	77
RNA_SEQ	EFO:0030018	3.0430305	0.9999422	77
RNA_SEQ	EFO:0000572	3.6554294	0.9999422	77
RNA_SEQ	UBERON:0001225	3.098505	0.9999422	77
RNA_SEQ	EFO:0001099	1.7656559	0.9999422	77
RNA_SEQ	UBERON:0002171	1.124199	0.9999409	77
RNA_SEQ	EFO:0002847	1.9323319	0.9999409	77
RNA_SEQ	EFO:0002103	3.2819245	0.9999409	77
RNA_SEQ	UBERON:0000056	0.9636673	0.9999409	77
RNA_SEQ	UBERON:0013756	0.9961162	0.9999381	77
RNA_SEQ	UBERON:0001211	2.0037208	0.9999366	154
RNA_SEQ	UBERON:0008953	1.3423603	0.9999366	77
RNA_SEQ	EFO:0002819	1.4683826	0.9999366	77
RNA_SEQ	UBERON:0004992	1.1144518	0.99993515	77
CHIP_HISTONE	EFO:0002234	4937	0.99993515	4
CHIP_HISTONE	CL:0000127	9802	0.9999336	20
RNA_SEQ	UBERON:0008971	1.2315471	0.9999305	77
RNA_SEQ	CL:2000001	1.9148487	0.99992883	77
CHIP_HISTONE	NTR:0001226	3957	0.99992883	12
RNA_SEQ	CL:0000788	4.766187	0.9999272	77
CHIP_HISTONE	UBERON:0008450	9364	0.9999255	10
RNA_SEQ	EFO:0002785	4.982217	0.9999255	77
CHIP_HISTONE	EFO:0006710	6487	0.9999255	20
RNA_SEQ	CL:0000084	1.0294486	0.999922	154
RNA_SEQ	EFO:0002786	4.4211555	0.999922	77
RNA_SEQ	UBERON:0001114	1.6589526	0.9999183	154
RNA_SEQ	UBERON:0001115	0.9328771	0.9999062	77
CHIP_HISTONE	EFO:0007070	9036	0.9999062	14
CHIP_HISTONE	EFO:0007105	8032	0.9999017	12
RNA_SEQ	CL:0000837	1.4492496	0.9998971	77
CHIP_HISTONE	EFO:0001203	9346	0.9998845	16
RNA_SEQ	CL:0000623	0.93753934	0.9998845	154
CHIP_HISTONE	CL:0000540	9695	0.99987906	10
CHIP_HISTONE	EFO:0002791	10066	0.99987626	18
RNA_SEQ	CL:0000899	0.70940924	0.99987626	77
CHIP_HISTONE	EFO:0003072	7559	0.99987626	20
RNA_SEQ	CL:0000842	0.6248061	0.99987334	77
CONTACT_MAPS	CL:0002620	0.022483826	0.9998644	1
RNA_SEQ	CL:0000236	1.5399898	0.9998611	154
CHIP_HISTONE	EFO:0002074	6646	0.99984413	18
RNA_SEQ	EFO:0006711	2.2640736	0.9998405	77
CHIP_HISTONE	CL:0002551	6940	0.99982506	14
RNA_SEQ	EFO:0005719	2.4035184	0.999821	77
CHIP_HISTONE	UBERON:0001157	3402	0.9998168	10
ATAC	UBERON:0001115	48.792313	0.9997991	2
CHIP_HISTONE	UBERON:0004992	2832	0.9997896	6
CHIP_HISTONE	UBERON:0002078	2240.5	0.9997847	6
ATAC	UBERON:0001114	47.93919	0.9997745	2
DNASE	UBERON:0001115	58.940857	0.9997693	2
CONTACT_MAPS	EFO:0001196	0.027459428	0.999753	1
CHIP_HISTONE	EFO:0002824	10058	0.999735	16
CHIP_HISTONE	EFO:0002167	10696	0.99972886	18
CONTACT_MAPS	EFO:0009318	0.03073281	0.99972284	2
CHIP_HISTONE	EFO:0007098	1478.75	0.99971604	4
DNASE	UBERON:0003124	19.235632	0.9997094	2
CONTACT_MAPS	EFO:0002784	0.020139113	0.99967426	1
CONTACT_MAPS	EFO:0005903	0.014834553	0.9996509	1
CONTACT_MAPS	EFO:0001187	0.02143012	0.9996428	1
ATAC	UBERON:0002107	27.011646	0.9996424	2
CHIP_HISTONE	EFO:0007950	7384	0.99961674	18
ATAC	UBERON:0002106	16.954147	0.99961674	2
DNASE	UBERON:0001114	49.402912	0.9996078	2
ATAC	UBERON:0002099	22.127806	0.99958926	2
CHIP_HISTONE	CL:0000515	7960	0.9995598	14
CHIP_HISTONE	CL:0002327	14872	0.9995598	20
CONTACT_MAPS	EFO:0002791	0.019874424	0.9995501	1
CONTACT_MAPS	EFO:0003045	0.01620584	0.9995501	6
CONTACT_MAPS	EFO:0003042	0.022223845	0.9995501	6
CONTACT_MAPS	EFO:0007073	0.014710784	0.9995501	4
CHIP_HISTONE	EFO:0002847	5441	0.99954957	24
CONTACT_MAPS	EFO:0009747	0.016258359	0.9995396	2
CHIP_HISTONE	EFO:0006365	1333.5	0.9994827	2
SPLICE_SITES		0.6152344	0.99945897	2
DNASE	UBERON:0011907	34.507412	0.9994327	2
CHIP_HISTONE	CL:0000746	3664	0.9994059	10
CHIP_HISTONE	CL:0002518	768.125	0.9994059	4
CHIP_HISTONE	EFO:0005719	8392	0.9993485	18
ATAC	UBERON:0011907	28.017654	0.99931777	2
CHIP_TF	UBERON:0002107	637.75	0.9992165	36
CHIP_HISTONE	EFO:0001221	4816	0.9990577	16
DNASE	EFO:0001200	29.618778	0.9990358	2
DNASE	EFO:0005696	20.632347	0.99901325	2
CHIP_HISTONE	UBERON:0000948	2129.5	0.99901325	8
DNASE	EFO:0005704	19.607273	0.9988404	2
CHIP_HISTONE	UBERON:0001199	2376	0.9986987	8
CAGE	CL:0000047	16.053047	0.9986684	4
ATAC	UBERON:0008367	22.107227	0.9986684	2
DNASE	UBERON:0002367	35.7507	0.9986055	2
CHIP_TF	EFO:0001187	1484	0.9984708	1078
DNASE	EFO:0005384	20.755274	0.9984708	2
CHIP_HISTONE	EFO:0002323	1426.6875	0.9983613	2
ATAC	UBERON:0002469	27.31627	0.9983613	2
ATAC	UBERON:0003889	24.196201	0.9983231	2
CHIP_TF	EFO:0002791	1131.5	0.9982439	80
ATAC	UBERON:0008450	19.381191	0.998203	2
ATAC	NTR:0000494	22.75393	0.998203	2
CHIP_TF	UBERON:0004550	392.5	0.998203	8
ATAC	UBERON:0002080	21.896378	0.9981611	2
ATAC	NTR:0000492	24.917025	0.9981182	2
DNASE	UBERON:0000995	25.692396	0.9981182	2
ATAC	UBERON:0002084	22.721533	0.99807435	2
ATAC	UBERON:0010414	25.46397	0.99807435	2
DNASE	UBERON:0001870	18.86493	0.9980294	2
ATAC	UBERON:0002078	23.784395	0.99798346	2
PROCAP	EFO:0001200	3.9825659	0.9979365	4
ATAC	UBERON:0000992	18.568113	0.9979365	2
DNASE	UBERON:8300002	25.995293	0.9978883	2
DNASE	EFO:0007610	27.558168	0.9978391	2
CHIP_TF	EFO:0001203	813.25	0.9977887	142
ATAC	NTR:0000491	21.402672	0.99773717	2
CHIP_TF	EFO:0001196	1342.375	0.99773717	24
DNASE	EFO:0005726	35.14567	0.9976844	2
DNASE	CL:0002252	17.791391	0.99751866	2
DNASE	CL:0002552	18.238539	0.99751866	2
ATAC	UBERON:0002394	20.216368	0.99740165	2
DNASE	CL:0000907	29.32785	0.9973411	2
ATAC	EFO:0001187	16.146257	0.9973411	2
DNASE	EFO:0002789	14.642071	0.9972791	2
ATAC	EFO:0001086	15.537173	0.9972791	2
DNASE	UBERON:0001264	25.464184	0.9971508	2
ATAC	UBERON:0015143	22.581572	0.9971508	2
ATAC	UBERON:0002079	21.73272	0.9971508	2
ATAC	UBERON:0002170	22.019524	0.9970844	2
CHIP_HISTONE	NTR:0003013	1495.5	0.9970844	2
ATAC	UBERON:0002190	20.227467	0.99701643	2
ATAC	UBERON:0000995	17.551098	0.99701643	2
ATAC	UBERON:0004550	19.17635	0.99701643	2
ATAC	CL:0000623	17.548252	0.99694693	2
ATAC	UBERON:0000945	19.84391	0.99694693	2
DNASE	UBERON:0008367	34.534576	0.99687576	2
DNASE	EFO:0005352	17.738688	0.99687576	2
DNASE	EFO:0005345	18.92572	0.99687576	2
DNASE	UBERON:0001150	21.311625	0.99687576	2
ATAC	UBERON:0000056	18.780216	0.996803	2
DNASE	UBERON:0000992	23.086052	0.996803	2
DNASE	UBERON:0008450	23.121357	0.9967285	2
CHIP_TF	UBERON:0002106	359.5	0.9967285	6
DNASE	EFO:0002785	14.982406	0.9967285	2
DNASE	CL:0002550	16.950245	0.9965742	2
DNASE	UBERON:0002037	19.568539	0.9964944	2
DNASE	CL:0002557	13.895849	0.9964944	2
DNASE	CL:0000746	13.577427	0.99641275	2
DNASE	UBERON:0004264	31.655888	0.99641275	2
DNASE	EFO:0001247	13.091782	0.99641275	2
DNASE	UBERON:8300001	19.186714	0.99641275	2
CHIP_TF	EFO:0003042	974.5	0.99641275	78
CHIP_HISTONE	CL:0002606	708.25	0.99641275	2
DNASE	CL:0000623	27.154945	0.9963292	2
DNASE	UBERON:0002369	28.509583	0.99624366	2
DNASE	CL:0002536	13.744029	0.99615616	2
DNASE	CL:0002565	14.5617895	0.99615616	2
DNASE	UBERON:0002080	20.96506	0.99606663	2
ATAC	UBERON:0002171	20.541183	0.995975	2
DNASE	EFO:0002285	15.945755	0.995975	2
DNASE	CL:0000900	18.936867	0.99588126	2
DNASE	CL:0000913	23.26117	0.9957853	2
DNASE	CLO:0033902	15.305431	0.9957853	2
DNASE	UBERON:0000056	28.520163	0.9957853	2
CHIP_TF	EFO:0005718	511	0.9957853	32
DNASE	UBERON:8300003	15.494825	0.9956871	2
ATAC	UBERON:0001150	18.682133	0.9955867	2
DNASE	CL:0000188	8.269569	0.9955867	2
CHIP_TF	EFO:0002067	1126	0.99548393	612
CHIP_TF	EFO:0001086	577.75	0.99548393	66
DNASE	CL:1001568	20.46443	0.99548393	2
DNASE	CL:0002327	14.555058	0.9953788	2
ATAC	UBERON:0001159	15.214993	0.9953788	2
DNASE	UBERON:0001323	26.906322	0.99527115	2
DNASE	UBERON:0008952	15.438006	0.99516106	2
ATAC	UBERON:0002369	22.124859	0.9950484	2
DNASE	UBERON:0002099	28.556938	0.9949331	2
DNASE	UBERON:0002084	22.274529	0.9948152	2
DNASE	CL:0000905	16.04044	0.9948152	2
DNASE	CL:0000909	18.530796	0.9948152	2
DNASE	UBERON:0003663	11.941551	0.9948152	2
DNASE	UBERON:8300004	16.745155	0.9948152	2
DNASE	EFO:0002323	17.598223	0.9948152	2
DNASE	UBERON:0002107	27.290855	0.9948152	2
CAGE	EFO:0002793	101.9482	0.9947137	4
ATAC	UBERON:0002048	18.049448	0.9946945	2
DNASE	CL:0002328	12.24462	0.9946945	2
DNASE	CL:0000897	16.934002	0.9946945	2
DNASE	EFO:0001203	14.508434	0.9946945	2
DNASE	CL:0000625	18.62706	0.9946945	2
DNASE	UBERON:0001987	18.638138	0.994571	2
DNASE	CL:2000041	12.723662	0.9944446	2
DNASE	CL:0000084	18.46144	0.9943153	2
DNASE	CL:0002231	19.796719	0.994183	2
DNASE	CL:0002555	8.771121	0.994183	2
DNASE	CL:1001606	8.9458065	0.994183	2
ATAC	CLO:0027443	21.928991	0.99404764	2
DNASE	CLO:0016536	13.660745	0.99404764	2
CHIP_TF	EFO:0002784	1484	0.99404764	202
ATAC	UBERON:0001264	20.373165	0.99404764	2
DNASE	EFO:0005913	15.028216	0.99404764	2
DNASE	CL:0000895	21.851082	0.99404764	2
DNASE	UBERON:0000981	18.292635	0.99404764	2
DNASE	CL:0002038	15.088003	0.99404764	2
ATAC	EFO:0007610	12.680433	0.99376744	2
DNASE	EFO:0002788	15.476644	0.99376744	2
CHIP_HISTONE	UBERON:0001621	1523	0.99376744	4
DNASE	CL:0001044	22.734098	0.99376744	2
DNASE	UBERON:0001621	28.827713	0.99376744	2
DNASE	CL:0011019	24.583412	0.9936224	2
CHIP_TF	UBERON:0004648	422.5	0.9936224	6
DNASE	CL:0002603	16.586212	0.99332225	2
DNASE	UBERON:0002170	24.266373	0.99332225	2
DNASE	UBERON:0005033	24.71101	0.99332225	2
CHIP_TF	EFO:0030018	975	0.99332225	2
ATAC	CL:0000084	10.098816	0.99332225	2
CAGE	EFO:0003044	65.41753	0.99319685	4
ATAC	UBERON:0001157	16.65483	0.9931669	2
DNASE	UBERON:0001159	27.882753	0.9931669	2
CAGE	EFO:0002059	62.59326	0.9930392	4
DNASE	UBERON:0015143	31.633455	0.993008	2
DNASE	UBERON:0002046	13.456122	0.993008	2
DNASE	UBERON:0001499	12.329718	0.993008	2
CAGE	CL:0002368	57.601486	0.9928779	4
ATAC	EFO:0002713	15.917513	0.9928454	2
DNASE	CL:0000706	8.0794735	0.9928454	2
DNASE	EFO:0002184	21.463348	0.9928454	2
CAGE	EFO:0002791	64.69624	0.99271286	4
DNASE	UBERON:0002167	10.176133	0.992679	2
DNASE	CLO:0021754	9.183599	0.992679	2
DNASE	UBERON:0036149	31.163626	0.992679	2
DNASE	CL:0000899	21.596087	0.992679	2
DNASE	CLO:0011092	13.159971	0.99250877	2
DNASE	EFO:0007952	11.575124	0.99250877	2
DNASE	CL:0002548	9.69228	0.99250877	2
DNASE	NTR:0000521	8.991774	0.99250877	2
DNASE	EFO:0002234	7.2208157	0.9923346	2
CAGE	EFO:0002179	65.05759	0.9921947	4
CAGE	CL:1000280	46.87317	0.9921947	4
CAGE	CL:0002167	42.978577	0.9921947	8
CAGE	CL:0002504	35.46966	0.9921947	4
DNASE	EFO:0005725	15.633217	0.9921564	2
DNASE	EFO:0006270	14.887593	0.9921564	2
DNASE	CL:0002351	22.673103	0.9921564	2
ATAC	UBERON:0008952	18.225983	0.9921564	2
CAGE	EFO:0002285	55.51488	0.992014	4
DNASE	CL:0001042	13.991586	0.99197406	2
DNASE	UBERON:0001515	30.66061	0.99197406	2
DNASE	EFO:0001187	17.830826	0.99197406	2
DNASE	CL:0002061	19.618748	0.99197406	2
CAGE	CL:0002547	46.20506	0.9918291	4
CAGE	CL:0002622	48.159386	0.9918291	4
CAGE	EFO:0002067	44.99443	0.9918291	4
CAGE	CL:0002231	61.769684	0.9918291	4
CAGE	CL:0002598	44.84673	0.9918291	4
CAGE	CL:0002617	51.51654	0.9918291	4
DNASE	EFO:0001086	14.067563	0.9917875	2
ATAC	UBERON:0001072	18.184212	0.9917875	2
DNASE	UBERON:0001383	12.146088	0.9917875	2
ATAC	UBERON:0002046	13.774524	0.9917875	2
CAGE	CL:0002579	38.182262	0.99164	4
DNASE	CLO:0021511	7.756536	0.99159664	2
ATAC	UBERON:0001259	19.036926	0.99159664	2
DNASE	EFO:0005709	16.972664	0.99159664	2
DNASE	CL:0000351	17.040283	0.99159664	2
ATAC	UBERON:0002113	18.056791	0.99159664	2
DNASE	CL:0000787	24.933868	0.99159664	2
CAGE	UBERON:0001264	17.69901	0.9914465	4
CAGE	CL:0000515	42.30072	0.9914465	4
CAGE	CL:0002327	33.30567	0.9914465	4
CAGE	CL:0002549	40.412712	0.9914465	4
DNASE	CL:0000624	16.331848	0.9914013	2
DNASE	CL:0011012	19.208847	0.9914013	2
DNASE	CL:2000016	11.696098	0.9914013	2
DNASE	UBERON:0002079	22.933851	0.9914013	2
CAGE	CL:0000312	34.704674	0.9912486	4
CAGE	CL:0002621	34.49572	0.9912486	4
CAGE	CL:0000216	54.468903	0.9912486	4
CAGE	CL:0002551	36.52651	0.9912486	4
CAGE	CL:0002616	50.67952	0.9912486	4
CAGE	CL:0002557	31.926945	0.9912486	4
CAGE	CL:0002580	40.596127	0.9912486	4
CAGE	CL:0002582	38.765614	0.9912486	4
DNASE	CL:0000545	16.992477	0.9912015	2
CHIP_HISTONE	CL:0002547	1189.375	0.9912015	2
CAGE	EFO:0001253	43.373108	0.9910462	4
CAGE	CL:0002166	27.283138	0.9910462	8
CAGE	CL:0000594	39.313343	0.9910462	4
CAGE	UBERON:0002119	33.492	0.9910462	4
CAGE	UBERON:0003729	31.069279	0.9910462	4
CAGE	UBERON:0002118	36.415794	0.9910462	4
CAGE	CL:0002556	31.881706	0.9908391	4
CAGE	CL:0002589	31.424706	0.9908391	4
CAGE	CL:0000235	38.416016	0.9908391	4
CAGE	CL:0000569	31.53576	0.9908391	4
CAGE	EFO:0005441	51.9591	0.9908391	4
CAGE	EFO:0001187	44.90011	0.9908391	4
DNASE	CL:0011021	6.9900274	0.9907879	2
CAGE	CL:0000840	45.93943	0.9906273	8
CAGE	CL:0002563	46.487793	0.9906273	4
CAGE	CL:0002615	39.681904	0.9906273	4
CAGE	CL:1000487	37.18027	0.9906273	4
CAGE	CL:0002548	37.607277	0.9906273	4
CAGE	UBERON:0002107	32.77336	0.9906273	4
CAGE	CL:0002140	36.423347	0.9906273	4
DNASE	CL:2000043	14.11885	0.99057394	2
DNASE	CL:0002547	9.4794655	0.99057394	2
CHIP_HISTONE	CLO:0021511	1086.625	0.99057394	2
CAGE	CL:0002601	32.60982	0.9904106	4
CAGE	CL:0002537	37.517563	0.9904106	4
CAGE	CL:0002568	25.929026	0.9904106	4
CAGE	CL:0002304	40.932217	0.9904106	4
CAGE	EFO:0001099	32.821423	0.9904106	4
CAGE	CL:0002590	31.156273	0.9904106	4
CAGE	UBERON:0001736	31.481539	0.9904106	4
CAGE	CL:0000388	45.07415	0.9904106	4
DNASE	UBERON:0001774	10.030236	0.99035496	2
PROCAP	EFO:0002819	2.692029	0.99035496	4
CAGE	CL:0002623	40.852234	0.990189	4
CAGE	UBERON:0004225	37.61042	0.990189	4
CAGE	CL:0000746	35.025463	0.990189	4
CAGE	CL:0000062	32.379673	0.990189	4
CAGE	CL:0002583	33.531075	0.990189	4
CAGE	CL:0002328	37.16828	0.990189	4
CAGE	CL:0002574	32.306103	0.990189	4
CAGE	CL:0002573	38.284626	0.990189	4
ATAC	EFO:0010862	21.471	0.99013096	2
DNASE	CL:0000115	16.56985	0.99013096	2
DNASE	CL:2000000	13.640903	0.99013096	2
CAGE	CL:0002597	47.572315	0.98996234	4
CAGE	CL:0002593	34.994255	0.98996234	4
CAGE	CL:0002552	29.446815	0.98996234	4
CAGE	EFO:0002796	48.15395	0.98996234	4
CAGE	CL:0000134	32.15229	0.98996234	4
CAGE	EFO:0002074	44.20221	0.98996234	4
CAGE	CL:0002592	33.5603	0.98996234	4
DNASE	UBERON:0000945	24.30772	0.9899018	2
DNASE	UBERON:0002324	9.572672	0.9899018	2
DNASE	EFO:0002790	14.551152	0.9899018	2
CAGE	EFO:0002860	34.16412	0.9897305	4
CAGE	CL:0000077	37.319633	0.9897305	8
CAGE	EFO:0001086	25.774582	0.9897305	4
CAGE	CL:0000188	36.62373	0.9897305	4
CHIP_TF	EFO:0005347	496.25	0.9896673	2
CHIP_HISTONE	UBERON:0007106	1588	0.9896673	2
ATAC	CL:1001606	13.584351	0.9896673	2
ATAC	CL:0000792	13.30006	0.9896673	2
DNASE	UBERON:0007610	24.491573	0.9896673	2
DNASE	NTR:0000523	9.545267	0.9896673	2
CAGE	CL:0000453	25.79369	0.9894933	4
CAGE	CL:0002600	27.231325	0.9894933	4
CAGE	EFO:0001182	51.798775	0.9894933	4
CAGE	EFO:0002784	43.580112	0.9894933	4
CAGE	CL:0002595	34.476902	0.9894933	4
CAGE	CL:0002594	27.47884	0.9894933	4
CAGE	CL:0002591	32.92434	0.9894933	4
CAGE	CL:0000138	31.847567	0.9894933	4
DNASE	CL:0000138	28.897306	0.98942745	2
CAGE	UBERON:0000998	87.82822	0.9892507	4
CAGE	UBERON:0000014	48.815853	0.9892507	4
CAGE	CL:0000182	44.536316	0.9892507	4
CAGE	UBERON:0000029	54.79361	0.9892507	4
CAGE	CL:0000708	19.814434	0.9892507	4
CAGE	UBERON:0000920	40.119766	0.9892507	4
PROCAP	EFO:0001099	2.4174418	0.989182	4
ATAC	EFO:0001203	10.232201	0.989182	2
CHIP_TF	UBERON:0002367	426.5	0.989182	6
DNASE	CL:1001608	5.909255	0.989182	2
CAGE	CL:0002572	25.472258	0.9890026	4
CAGE	CL:0002618	28.72746	0.9890026	4
CAGE	CL:0002570	25.999027	0.9890026	4
CAGE	CL:0002576	20.594574	0.9890026	4
CAGE	CL:0002605	37.510624	0.9890026	4
CAGE	CL:0002224	24.733612	0.9890026	4
CAGE	UBERON:0001013	57.12246	0.9890026	4
CAGE	CL:0002565	22.992765	0.9890026	4
CAGE	CL:0002566	28.58035	0.9890026	4
CAGE	CL:0002620	22.058111	0.9890026	4
CAGE	CL:0000307	27.429382	0.9890026	4
DNASE	UBERON:0001322	29.17238	0.9889309	2
DNASE	UBERON:0003662	13.4005165	0.9889309	2
CAGE	CL:0002363	25.559305	0.9887488	4
CAGE	CL:0002561	31.31639	0.9887488	4
CAGE	CL:0002602	27.226555	0.9887488	4
CAGE	CL:0002564	28.84291	0.9887488	4
CAGE	UBERON:0002084	33.782837	0.9887488	4
CAGE	EFO:0002324	44.095894	0.9887488	4
CAGE	CL:0002521	30.76304	0.9887488	4
DNASE	NTR:0000522	7.3043413	0.988674	2
CHIP_TF	UBERON:0001157	358.5	0.988674	8
CAGE	UBERON:0002114	54.70419	0.9884892	4
DNASE	CL:0000904	12.692883	0.9884112	2
CHIP_TF	EFO:0005351	696.5	0.9884112	2
CAGE	CL:0002540	24.831442	0.9882237	4
CAGE	CL:0002138	27.481697	0.9882237	4
CAGE	CL:0002569	28.341724	0.9882237	4
CAGE	UBERON:0005795	35.220284	0.9882237	4
CAGE	CL:0002567	40.289955	0.9882237	4
CAGE	CL:1000413	31.014055	0.9882237	4
ATAC	CL:0000895	13.321049	0.9881423	2
ATAC	UBERON:0001322	19.106243	0.9881423	2
DNASE	NTR:0000493	20.858868	0.9881423	2
DNASE	CL:0002306	10.912854	0.98786724	2
DNASE	CL:2000010	10.800961	0.98786724	2
ATAC	UBERON:0007610	13.577012	0.98786724	2
CAGE	CL:0002588	18.018093	0.9876744	4
CAGE	CL:0000558	17.992361	0.9876744	4
CAGE	UBERON:0000310	34.451233	0.9876744	4
CAGE	CL:0002558	22.183195	0.9876744	4
CAGE	CL:0002306	28.129353	0.9876744	4
CAGE	CL:0002372	26.172554	0.9876744	4
CAGE	CL:0002581	30.513443	0.9876744	4
DNASE	UBERON:0001496	27.437485	0.9875858	2
ATAC	UBERON:0005033	12.788609	0.9875858	2
DNASE	EFO:0009500	10.168579	0.9875858	2
DNASE	CL:0002304	11.865124	0.9875858	2
DNASE	EFO:0002847	13.556831	0.9875858	2
CAGE	CL:0002553	26.176704	0.98739034	4
CAGE	UBERON:0001043	26.722649	0.98739034	4
CAGE	UBERON:0002171	58.528336	0.98739034	4
CAGE	CL:0000731	23.967655	0.98739034	4
CAGE	CL:1000428	29.196777	0.98739034	4
CAGE	UBERON:0001831	18.696266	0.98739034	4
CAGE	CL:0002453	21.769718	0.98739034	4
CAGE	CL:0002545	28.76456	0.98739034	4
CAGE	UBERON:0002108	45.42022	0.98739034	4
CAGE	CL:0002188	31.018703	0.98739034	4
CAGE	CL:0002596	30.982956	0.98739034	4
CAGE	CL:0002599	21.101875	0.98739034	4
DNASE	CL:0000136	9.5042515	0.9872979	2
DNASE	UBERON:0000948	10.2870865	0.9872979	2
DNASE	CL:0000182	17.178635	0.9872979	2
DNASE	UBERON:0010414	32.364784	0.9872979	2
DNASE	EFO:0001196	11.740033	0.9872979	2
DNASE	CL:0002584	9.427567	0.9872979	2
DNASE	CL:2000013	8.253262	0.9872979	2
CAGE	UBERON:0002079	32.54431	0.9870998	4
CAGE	CL:0002571	18.91344	0.9870998	4
CAGE	UBERON:0001723	30.18238	0.9870998	4
CAGE	CL:0002586	25.526337	0.9870998	4
DNASE	UBERON:0000317	21.833485	0.9870033	2
DNASE	CLO:0021752	9.870118	0.9870033	2
CAGE	UBERON:0001301	48.24655	0.9868027	4
CAGE	UBERON:0002369	39.689068	0.9868027	4
CAGE	CL:0002550	16.369377	0.9868027	4
CAGE	EFO:0002101	27.129416	0.9868027	4
CHIP_TF	EFO:0002824	733	0.986702	50
DNASE	CL:0002558	10.07336	0.986702	2
CHIP_TF	UBERON:0001159	409.5	0.986702	8
CAGE	UBERON:0003126	26.820984	0.98649883	4
CAGE	CL:0000214	26.074696	0.98649883	4
CAGE	CL:0000575	21.892395	0.98649883	4
CAGE	CL:0002584	19.712189	0.98649883	4
CAGE	CL:0002544	19.812534	0.98649883	4
DNASE	EFO:0003072	10.093792	0.98639375	2
DNASE	EFO:0003042	14.943911	0.98639375	2
ATAC	UBERON:0008953	19.240181	0.98639375	2
DNASE	UBERON:0006631	27.63836	0.98639375	2
CAGE	CL:0002539	17.785192	0.98618805	4
CAGE	CL:0002555	15.768099	0.98618805	4
CAGE	CL:0002252	26.623062	0.98618805	4
CAGE	UBERON:0002331	33.203754	0.98618805	4
DNASE	EFO:0007074	11.736633	0.9860784	2
CHIP_HISTONE	CLO:0034837	1151.25	0.9860784	2
DNASE	EFO:0003044	12.596823	0.9860784	2
ATAC	EFO:0002824	10.34671	0.9860784	2
CAGE	UBERON:0001987	24.508514	0.98587024	4
CAGE	UBERON:0002046	32.390522	0.98587024	4
CAGE	UBERON:0001255	24.403246	0.98587024	4
CAGE	UBERON:0001638	37.677597	0.98587024	4
CAGE	UBERON:0000305	24.494043	0.98587024	4
DNASE	CL:0002604	9.901105	0.98575574	2
DNASE	EFO:0002330	15.840748	0.98575574	2
DNASE	UBERON:0001723	10.748543	0.98575574	2
DNASE	CL:0000632	13.937186	0.98575574	2
DNASE	CL:0000792	12.210678	0.98575574	2
CAGE	UBERON:0001134	22.291828	0.9855452	4
CAGE	CL:0002554	14.618172	0.9855452	4
CAGE	UBERON:0000992	21.245579	0.98521286	4
CAGE	UBERON:0001103	33.958046	0.98521286	4
CAGE	CL:0001016	26.927158	0.98521286	4
CAGE	UBERON:0000996	22.383339	0.98521286	4
CAGE	UBERON:0002113	24.215254	0.98521286	4
CAGE	UBERON:0002048	22.090485	0.98521286	4
CHIP_HISTONE	EFO:0002357	6534	0.98521286	12
CHIP_TF	EFO:0002786	941	0.9850881	8
ATAC	UBERON:0004992	12.485423	0.9850881	2
CAGE	UBERON:0000948	24.897724	0.98487294	4
CAGE	UBERON:0001637	29.509024	0.98487294	4
CAGE	UBERON:0000989	43.973465	0.98487294	4
CAGE	UBERON:0002110	31.81638	0.98487294	4
CAGE	UBERON:0002360	25.043892	0.98487294	4
CAGE	UBERON:0001044	8.311719	0.98487294	4
CAGE	CL:0002057	23.600557	0.98487294	4
DNASE	NTR:0000525	5.472231	0.9847427	2
DNASE	EFO:0007600	15.975769	0.9847427	2
DNASE	CL:0000515	6.206167	0.9847427	2
CAGE	UBERON:0001000	34.716503	0.9845253	4
CAGE	UBERON:0000473	59.61261	0.9845253	4
CAGE	UBERON:0000341	27.490318	0.9845253	4
CAGE	UBERON:0002135	32.62908	0.9845253	4
CAGE	CL:1000494	19.04815	0.9845253	4
CAGE	CL:0002367	16.676723	0.9845253	4
CAGE	CL:0000322	17.574772	0.9845253	4
DNASE	UBERON:0001157	18.131073	0.98438936	2
DNASE	CL:0000823	10.524914	0.98438936	2
CAGE	CL:0002397	22.925331	0.9841699	8
CAGE	CL:0002543	21.412575	0.9841699	4
CAGE	UBERON:0001894	29.599834	0.9841699	4
CAGE	CL:0002536	19.701527	0.9841699	4
CAGE	UBERON:0001135	26.2245	0.9841699	4
DNASE	NTR:0000474	20.795692	0.9840279	2
DNASE	UBERON:0002048	9.253532	0.9840279	2
CAGE	UBERON:0000019	29.529083	0.9838064	4
CAGE	UBERON:0001052	37.43349	0.9838064	4
CAGE	CL:0002144	23.059765	0.9838064	4
CAGE	UBERON:0000007	29.200727	0.9838064	4
DNASE	EFO:0005710	13.84403	0.9836582	2
DNASE	CL:0000546	11.059093	0.9836582	2
ATAC	CLO:0026782	18.335295	0.9836582	2
CAGE	CL:0002603	17.002218	0.9834347	4
CAGE	UBERON:0001155	29.183096	0.9834347	4
CAGE	UBERON:0001154	33.672943	0.9834347	4
CAGE	UBERON:0002367	18.04726	0.9834347	4
CAGE	UBERON:0012168	19.837086	0.9834347	4
DNASE	UBERON:0008953	15.758505	0.98327994	2
CAGE	UBERON:0002371	24.891682	0.9830546	4
CAGE	UBERON:0002240	28.996899	0.9830546	4
CAGE	UBERON:0002106	24.06361	0.9830546	4
ATAC	CL:0000900	5.8479705	0.98289305	2
PROCAP	CL:0002618	1.9564576	0.98289305	4
ATAC	UBERON:0002168	15.1857605	0.98289305	2
DNASE	CLO:0034837	12.804676	0.98289305	2
ATAC	CL:0000899	10.04086	0.98289305	2
CAGE	CL:0000097	23.977526	0.98266596	4
CAGE	UBERON:0000947	27.001146	0.98266596	4
CAGE	CL:0002677	23.164322	0.98266596	8
DNASE	EFO:0005282	12.936678	0.9824973	2
DNASE	EFO:0005723	5.429437	0.9824973	2
ATAC	EFO:0010860	18.598175	0.9824973	2
ATAC	CL:0000625	6.56569	0.9824973	2
CAGE	UBERON:0002363	18.1082	0.9822685	4
CAGE	UBERON:0000945	22.75308	0.9822685	4
CAGE	CL:0000798	24.680597	0.9822685	4
CAGE	CL:0002575	15.676391	0.9822685	4
CAGE	CL:0000650	17.237057	0.9822685	4
DNASE	CLO:0033911	13.008473	0.9820924	2
DNASE	NTR:0000494	15.863895	0.9820924	2
CAGE	UBERON:0002148	31.064678	0.9818622	4
CAGE	UBERON:0000178	21.763165	0.9818622	4
CAGE	CL:0002577	18.970888	0.9818622	4
DNASE	EFO:0002791	10.44614	0.98167825	2
CHIP_TF	EFO:0005336	456.25	0.98167825	2
CHIP_HISTONE	EFO:0005723	9332	0.98167825	20
DNASE	EFO:0001099	14.40686	0.98167825	2
CHIP_HISTONE	EFO:0002713	4561.5	0.9814467	8
CAGE	CL:0002193	15.293198	0.9814467	4
CAGE	CL:0000784	29.104967	0.9814467	8
DNASE	CLO:0007045	14.1102295	0.98125464	2
CAGE	CL:0000775	45.774597	0.9810219	8
CAGE	UBERON:0007023	22.298513	0.9810219	4
CAGE	UBERON:0002372	17.149649	0.9810219	4
CAGE	UBERON:0000002	17.819761	0.9810219	4
CHIP_HISTONE	EFO:0007099	1318.75	0.9808213	2
PROCAP	EFO:0002067	16.610386	0.9808213	4
CAGE	CL:0002092	14.047527	0.98058754	4
CAGE	UBERON:0001874	28.487125	0.98058754	4
CAGE	CL:0000540	21.843155	0.98058754	4
DNASE	EFO:0002074	11.411888	0.9803781	2
CAGE	CL:0000136	10.275423	0.9801434	4
DNASE	EFO:0002819	11.818754	0.9799247	2
ATAC	CL:0000624	6.264987	0.9799247	2
DNASE	EFO:0003045	15.402428	0.9799247	2
DNASE	CLO:0018812	4.1902256	0.97946095	2
CHIP_TF	UBERON:0001114	441	0.97946095	4
CAGE	UBERON:0001871	28.098227	0.97922516	4
CAGE	UBERON:0001359	28.475632	0.97922516	4
CAGE	CL:0000895	16.429623	0.97922516	4
CAGE	CL:0000576	24.87932	0.97922516	4
CHIP_HISTONE	EFO:0007610	5388	0.97922516	6
DNASE	UBERON:0000059	12.544703	0.97898656	2
DNASE	CL:0002551	3.8512228	0.97898656	2
CHIP_TF	UBERON:0000945	400	0.97898656	6
DNASE	UBERON:0002078	17.40883	0.97898656	2
CAGE	UBERON:0000995	14.163284	0.9787506	4
CAGE	UBERON:0002370	18.691677	0.9787506	4
CAGE	UBERON:0003112	27.94004	0.9787506	4
CAGE	UBERON:0000955	26.836489	0.9787506	4
CAGE	UBERON:0001897	25.055645	0.9787506	4
DNASE	CLO:0003771	12.670292	0.9785014	2
CHIP_TF	EFO:0005349	482.25	0.9785014	2
DNASE	CLO:0018813	6.04156	0.9785014	2
DNASE	UBERON:0001954	21.990322	0.9785014	2
CAGE	CL:0000771	17.298233	0.9782654	4
ATAC	CLO:0026245	22.415613	0.9780051	2
DNASE	CL:0000127	8.686549	0.9780051	2
ATAC	EFO:0010874	27.462936	0.9774975	2
CAGE	UBERON:0002021	27.00107	0.9772623	4
DNASE	EFO:0002140	16.699886	0.97697836	2
ATAC	EFO:0010835	15.174783	0.97697836	2
DNASE	CL:0002553	5.7767253	0.97697836	2
CHIP_TF	EFO:0002785	966	0.97697836	12
CHIP_TF	EFO:0002798	329	0.9764474	8
DNASE	UBERON:0002370	13.688225	0.9764474	2
ATAC	EFO:0009747	7.7450867	0.9764474	2
DNASE	UBERON:0001211	22.902035	0.9764474	2
CAGE	UBERON:0000988	15.000512	0.97621405	4
CAGE	CL:0000767	14.71306	0.97621405	8
CAGE	UBERON:0001896	19.584904	0.97621405	4
DNASE	EFO:0005698	9.161316	0.9759043	2
CAGE	UBERON:0001954	23.095034	0.9756724	4
CAGE	UBERON:0002038	26.817379	0.9756724	4
CHIP_HISTONE	CL:0000100	1903.5	0.97534883	6
ATAC	UBERON:0008971	13.645939	0.97534883	2
CHIP_TF	EFO:0002793	671	0.97534883	8
CAGE	UBERON:0001905	23.002266	0.97511876	4
CAGE	UBERON:0001875	20.596888	0.97511876	4
CAGE	UBERON:0002702	23.988796	0.97511876	4
ATAC	CL:0000913	5.932173	0.9747807	2
PROCAP	EFO:0002106	3.141366	0.9747807	4
ATAC	UBERON:0000317	12.961475	0.9747807	2
ATAC	EFO:0010841	18.396088	0.9747807	2
DNASE	UBERON:0000473	23.61546	0.9747807	2
CAGE	UBERON:0001872	22.885612	0.97455275	4
CAGE	UBERON:0002771	26.513296	0.97455275	4
DNASE	EFO:0002713	11.976477	0.97419965	2
ATAC	CL:0000907	7.633922	0.97419965	2
CAGE	UBERON:0007190	13.459772	0.973383	4
CHIP_HISTONE	EFO:0005694	4424	0.973383	12
CAGE	CL:0000623	24.694155	0.973383	4
DNASE	CL:2000044	9.585464	0.9729977	2
CAGE	UBERON:0001870	13.040777	0.9727787	4
DNASE	CL:0000312	23.515442	0.97237617	2
DNASE	EFO:0005697	5.531204	0.97237617	2
ATAC	EFO:0010857	19.353601	0.97174054	2
ATAC	EFO:0010880	26.602705	0.97174054	2
CAGE	UBERON:0002581	13.917646	0.9715297	4
DNASE	CL:0000653	14.152145	0.9710905	2
DNASE	EFO:0007749	9.744259	0.9710905	2
DNASE	UBERON:0009834	21.998539	0.9710905	2
CAGE	UBERON:0002022	13.316286	0.9708846	4
CAGE	UBERON:0002336	13.409582	0.9708846	4
DNASE	UBERON:0002740	19.277706	0.9704257	2
DNASE	UBERON:0001072	26.205187	0.9704257	2
DNASE	CL:0002586	6.7461886	0.9704257	2
DNASE	UBERON:0002108	13.452187	0.9704257	2
CAGE	UBERON:0001873	20.189606	0.9702253	4
CAGE	UBERON:0000966	14.308733	0.9702253	4
CAGE	UBERON:0001882	12.16996	0.9695515	4
CHIP_TF	EFO:0005350	394.5	0.96905065	2
DNASE	EFO:0002106	12.624962	0.96905065	2
DNASE	EFO:0005714	3.8243604	0.96905065	2
CAGE	UBERON:0001876	21.86602	0.96886295	4
CAGE	UBERON:0002902	9.760449	0.96886295	4
CAGE	UBERON:0002037	22.553864	0.96886295	4
DNASE	EFO:0005722	11.562859	0.96833974	2
CHIP_TF	UBERON:0001323	377.5	0.96833974	6
ATAC	CL:0000100	6.993368	0.96833974	2
CHIP_HISTONE	EFO:0002798	5684	0.9681593	2
CAGE	UBERON:0001389	18.31701	0.9681593	4
CHIP_TF	EFO:0007950	971	0.96761274	20
DNASE	EFO:0002179	12.903954	0.96761274	2
DNASE	NTR:0000524	4.1667433	0.96761274	2
CHIP_TF	UBERON:0000996	432	0.96761274	6
CHIP_TF	CL:0002319	353.25	0.96761274	10
CAGE	UBERON:0008198	23.106668	0.96744037	4
ATAC	EFO:0010848	17.842201	0.96686935	2
DNASE	NTR:0001484	15.995335	0.96610916	2
DNASE	EFO:0007098	12.352237	0.96610916	2
CHIP_HISTONE	EFO:0005724	6061	0.9659551	18
ATAC	CLO:0014080	27.185452	0.96533185	2
DNASE	UBERON:0008971	19.800062	0.96533185	2
DNASE	NTR:0000492	20.251642	0.9645371	2
DNASE	UBERON:0002106	26.044926	0.96204376	2
ATAC	CLO:0026238	25.934917	0.96204376	2
DNASE	EFO:0005236	13.187106	0.96028686	2
ATAC	EFO:0007074	10.220097	0.9593788	2
ATAC	CLO:0014083	27.963253	0.9593788	2
DNASE	UBERON:0001874	17.534073	0.9584504	2
DNASE	CL:0000223	14.1648445	0.9584504	2
CAGE	UBERON:0002134	13.348411	0.9584504	4
DNASE	EFO:0005712	5.370344	0.9575012	2
CHIP_HISTONE	CL:0000192	4901	0.9565468	18
CHIP_HISTONE	CL:0000182	4778	0.9565468	14
DNASE	UBERON:0002113	22.395401	0.9565308	2
ATAC	EFO:0010861	20.572712	0.9565308	2
CHIP_HISTONE	CL:0002603	495.25	0.9555388	2
CHIP_HISTONE	CL:0002319	3894	0.9545879	8
ATAC	EFO:0010839	29.728743	0.95452464	2
CHIP_TF	EFO:0002713	660	0.95452464	10
CAGE	UBERON:0002146	14.09377	0.95357716	4
DNASE	CL:0010001	3.5648625	0.95348793	2
CHIP_HISTONE	CL:0011020	5690	0.95254505	18
ATAC	EFO:0010850	20.1856	0.95242816	2
CHIP_HISTONE	EFO:0002793	3221.5	0.9514912	4
DNASE	EFO:0002150	7.1391106	0.95134485	2
DNASE	UBERON:0004992	17.525013	0.95134485	2
DNASE	UBERON:0002129	10.826561	0.95134485	2
CHIP_TF	UBERON:0002046	339.5	0.95134485	4
DNASE	CL:0002518	9.160403	0.95134485	2
DNASE	EFO:0002059	10.03603	0.95134485	2
DNASE	CL:2000017	5.5522976	0.95134485	2
DNASE	CL:0000679	12.661872	0.94910556	2
DNASE	CL:0002618	11.937913	0.94910556	2
ATAC	EFO:0010842	17.680172	0.9479486	2
CHIP_HISTONE	EFO:0005333	1494	0.9470497	2
CHIP_TF	EFO:0003072	563.75	0.946766	62
DNASE	EFO:0009318	11.987999	0.946766	2
DNASE	EFO:0009747	15.817625	0.946766	2
DNASE	EFO:0002824	11.071783	0.946766	2
CHIP_HISTONE	CL:0000842	7482	0.94588065	6
CHIP_HISTONE	UBERON:0001150	3296	0.94588065	6
CHIP_HISTONE	EFO:0005710	1260.5	0.94588065	2
DNASE	CL:0002606	6.9483914	0.94555736	2
DNASE	EFO:0005338	11.368545	0.94432205	2
DNASE	EFO:0000681	8.304955	0.9430595	2
CHIP_TF	UBERON:0008367	621	0.9430595	6
CHIP_HISTONE	EFO:0002106	2274	0.9422262	6
CAGE	UBERON:0001602	12.310232	0.9417692	4
DNASE	EFO:0002793	31.722351	0.94045055	2
DNASE	UBERON:0002240	7.629566	0.93910295	2
DNASE	EFO:0002101	11.842857	0.93910295	2
DNASE	EFO:0005720	10.482578	0.93772584	2
ATAC	CLO:0014043	27.455769	0.93631864	2
CHIP_TF	EFO:0001182	642	0.93561655	212
ATAC	EFO:0010856	19.697052	0.93488073	2
ATAC	EFO:0010867	31.679287	0.9342127	2
DNASE	EFO:0005721	14.129654	0.9334114	2
DNASE	CL:0000047	14.763823	0.9334114	2
DNASE	EFO:0005715	11.110236	0.9334114	2
DNASE	UBERON:0002626	17.652458	0.93191016	2
DNASE	EFO:0007599	10.967857	0.93191016	2
CHIP_HISTONE	CL:0002586	1136.5	0.93131924	2
CHIP_TF	EFO:0009747	564	0.93131924	68
CHIP_HISTONE	CL:0002252	1159.25	0.9298287	2
CHIP_HISTONE	EFO:0005338	1356.5	0.9298287	2
CAGE	UBERON:0003701	15.241138	0.9283083	4
CHIP_HISTONE	EFO:0005337	1377.5	0.9283083	2
CAGE	UBERON:0001603	16.076778	0.9283083	4
CHIP_HISTONE	CLO:0021754	655	0.92720795	2
ATAC	EFO:0010882	28.82068	0.9267576	2
CAGE	UBERON:0001797	14.677986	0.9267576	4
CHIP_HISTONE	CL:0002557	843.125	0.9267576	2
ATAC	EFO:0007950	6.859621	0.92557216	2
DNASE	EFO:0007748	2.6381898	0.92557216	2
CHIP_TF	EFO:0001184	775	0.925176	10
CHIP_HISTONE	EFO:0001099	1618	0.925176	4
CHIP_HISTONE	CL:0002555	1070.25	0.925176	2
CHIP_TF	UBERON:0036149	533.5	0.9239011	6
CAGE	UBERON:0006659	14.957818	0.92356306	4
DNASE	UBERON:0000947	22.403297	0.92219406	2
CHIP_TF	CL:0000765	446.5	0.92191833	2
CHIP_TF	CL:0002327	363.25	0.92045027	4
ATAC	EFO:0010843	18.52246	0.92045027	2
CHIP_TF	CL:0002618	419.375	0.92045027	16
ATAC	EFO:0010838	25.951302	0.92045027	2
CHIP_TF	EFO:0005348	416.5	0.92045027	2
CHIP_TF	EFO:0005234	780	0.92045027	8
ATAC	CLO:0024919	20.592659	0.9185313	2
ATAC	EFO:0010878	21.802568	0.9185313	2
DNASE	UBERON:0002331	12.762726	0.91684973	2
ATAC	CLO:0024890	20.57141	0.91678804	2
CAGE	UBERON:0006323	14.470823	0.91678804	4
DNASE	UBERON:0000955	4.3920975	0.91309357	2
ATAC	CLO:0026877	22.820068	0.9113531	2
DNASE	CL:0000187	4.199415	0.9111552	2
CAGE	UBERON:0006322	13.687119	0.9094714	4
DNASE	EFO:0001221	12.066715	0.90917575	2
CHIP_HISTONE	UBERON:0000995	1595.5	0.90755373	4
ATAC	EFO:0010858	23.31607	0.90755373	2
ATAC	EFO:0010889	22.427254	0.9071543	2
CHIP_HISTONE	CL:0002306	877.25	0.9055997	2
ATAC	CLO:0015900	22.03575	0.9055997	2
CHIP_HISTONE	CL:0000706	942.25	0.9055997	2
DNASE	EFO:0007598	14.985268	0.9050901	2
DNASE	CL:0001054	23.128666	0.9036088	2
ATAC	CLO:0014886	21.590273	0.9036088	2
ATAC	CLO:0014941	26.278027	0.90158045	2
ATAC	CLO:0026256	19.505539	0.90158045	2
ATAC	EFO:0010870	22.983936	0.90158045	2
CHIP_HISTONE	CL:0002558	921.75	0.90158045	2
ATAC	CLO:0026258	16.09657	0.90158045	2
CHIP_HISTONE	UBERON:0001255	1312.75	0.90158045	4
CAGE	UBERON:0000941	13.904524	0.89951414	4
CHIP_HISTONE	EFO:0005726	824.125	0.89951414	2
ATAC	EFO:0010866	22.15325	0.89951414	2
ATAC	CLO:0015884	17.260849	0.89951414	2
ATAC	EFO:0010864	21.31784	0.89951414	2
ATAC	EFO:0001196	8.32893	0.8986329	2
CHIP_HISTONE	UBERON:0000473	2369	0.8974094	6
CAGE	UBERON:0000057	12.646479	0.8974094	4
ATAC	CLO:0026249	17.848797	0.8974094	2
ATAC	CLO:0026846	18.24787	0.8974094	2
ATAC	EFO:0010884	19.565266	0.8952657	2
ATAC	CLO:0026790	17.093065	0.8952657	2
CHIP_HISTONE	UBERON:0001003	1887	0.8952657	4
DNASE	NTR:0000491	22.353083	0.8940993	2
DNASE	CL:0002372	5.6266394	0.8940993	2
DNASE	EFO:0005901	11.058735	0.8940993	2
ATAC	CLO:0024886	18.801472	0.8930825	2
CHIP_HISTONE	EFO:0001086	1948.5	0.8930825	8
CHIP_TF	EFO:0002324	337	0.8908594	2
ATAC	EFO:0010888	17.571877	0.8908594	2
DNASE	EFO:0002784	23.678497	0.8908594	2
ATAC	CLO:0026863	19.162857	0.8908594	2
ATAC	CLO:0015895	19.317299	0.8908594	2
DNASE	CL:0002590	9.378113	0.8869387	2
ATAC	CLO:0026250	18.872255	0.88394535	2
DNASE	CL:0000863	18.248955	0.88394535	2
ATAC	CLO:0024937	19.13002	0.8815574	2
CHIP_HISTONE	CL:0002548	569.125	0.8815574	2
CHIP_TF	CL:0000775	464	0.8815574	2
ATAC	CLO:0014078	17.430382	0.8815574	2
ATAC	EFO:0010876	17.17161	0.8791271	2
ATAC	EFO:0010872	16.821217	0.8791271	2
ATAC	CLO:0025816	16.78408	0.8791271	2
ATAC	CLO:0014163	18.16373	0.8791271	2
CHIP_HISTONE	CLO:0007045	903.625	0.8791271	2
DNASE	UBERON:0004539	7.503517	0.87668186	2
CAGE	UBERON:0013777	11.019884	0.8766539	4
ATAC	CLO:0024933	16.81715	0.8766539	2
CHIP_HISTONE	EFO:0001260	655.25	0.8766539	2
ATAC	CLO:0013950	17.282402	0.8766539	2
CHIP_TF	EFO:0006365	521.5	0.8715769	4
CHIP_TF	EFO:0002860	518.5	0.8715769	2
ATAC	EFO:0010869	21.21294	0.8715769	2
DNASE	EFO:0005337	16.893494	0.8712331	2
ATAC	CLO:0024898	17.078533	0.86897224	2
CHIP_HISTONE	CLO:0021752	495.4375	0.86897224	2
ATAC	CLO:0026824	17.002134	0.86897224	2
ATAC	EFO:0010885	16.438519	0.8663228	2
ATAC	EFO:0010871	19.07131	0.86362827	2
ATAC	CLO:0014097	18.671015	0.86362827	2
CHIP_HISTONE	CL:0000188	433.625	0.8608881	2
ATAC	EFO:0010853	13.014881	0.8608881	2
DNASE	CL:0000236	18.543713	0.8596574	2
ATAC	EFO:0010863	16.324007	0.85810196	2
ATAC	EFO:0010837	12.876196	0.85810196	2
ATAC	EFO:0010883	17.678844	0.85810196	2
ATAC	EFO:0010868	15.624703	0.85810196	2
ATAC	EFO:0002784	20.913574	0.8552694	2
CHIP_HISTONE	EFO:0001162	1141	0.8552694	2
ATAC	CLO:0015947	18.272392	0.8552694	2
ATAC	CLO:0015908	19.432426	0.85238993	2
ATAC	EFO:0010855	15.549794	0.84946334	2
DNASE	EFO:0001232	18.76197	0.84946334	2
ATAC	EFO:0010875	18.09018	0.84946334	2
ATAC	EFO:0005332	18.164373	0.84648913	2
ATAC	EFO:0010886	17.50582	0.84383667	2
ATAC	EFO:0010879	15.170918	0.84346706	2
DNASE	EFO:0005903	15.634323	0.84346706	2
ATAC	CLO:0026253	12.9080925	0.84346706	2
ATAC	EFO:0010865	14.019496	0.84039664	2
ATAC	CLO:0027432	10.773354	0.84039664	2
ATAC	CLO:0027429	12.287198	0.84039664	2
ATAC	EFO:0010852	14.809538	0.84039664	2
DNASE	CL:0000862	16.196175	0.83727765	2
DNASE	EFO:0002798	19.3283	0.8341097	2
ATAC	CLO:0024877	11.998117	0.8341097	2
ATAC	EFO:0010851	13.940771	0.83089256	2
ATAC	CLO:0027445	15.240246	0.82762593	2
ATAC	EFO:0010844	14.885126	0.82762593	2
ATAC	EFO:0010840	12.8651	0.8209431	2
ATAC	EFO:0010846	14.04121	0.8209431	2
DNASE	EFO:0003037	21.949621	0.8175265	2
DNASE	UBERON:0000966	6.3972015	0.8151075	2
DNASE	UBERON:0000988	17.62489	0.81405944	2
ATAC	EFO:0010873	15.004974	0.81405944	2
ATAC	EFO:0010859	15.454759	0.81405944	2
ATAC	EFO:0010847	13.993523	0.8105418	2
DNASE	EFO:0005283	11.21242	0.80316085	2
ATAC	EFO:0010836	12.661997	0.7996837	2
CHIP_HISTONE	CL:0002231	894	0.7996837	2
CHIP_TF	EFO:0007074	346.5	0.7921896	2
ATAC	CLO:0026874	9.081264	0.7883657	2
DNASE	UBERON:0002171	21.439726	0.7817188	2
ATAC	EFO:0010881	14.102737	0.7805644	2
CHIP_TF	EFO:0002717	395	0.776587	4
DNASE	NTR:0000856	7.68409	0.7725826	2
DNASE	EFO:0002779	5.0068245	0.7725826	2
CHIP_HISTONE	EFO:0002095	1493.5	0.7559361	2
CHIP_TF	UBERON:0002171	402	0.7516543	2
DNASE	EFO:0005904	5.221779	0.7431538	2
DNASE	CL:0000788	13.321884	0.7295015	2
CHIP_TF	UBERON:0002170	374	0.7249247	2
DNASE	EFO:0005719	15.162697	0.72030014	2
DNASE	EFO:0002860	12.6329775	0.72030014	2
CHIP_TF	UBERON:0001621	388.5	0.7156284	2
DNASE	UBERON:0001875	13.902023	0.71090984	2
CAGE	UBERON:0002448	9.397546	0.70614517	4
DNASE	EFO:0006711	14.724213	0.701335	2
CHIP_TF	UBERON:0008952	422.5	0.6964799	8
CHIP_HISTONE	EFO:0007752	1487.5	0.6915806	2
CHIP_TF	EFO:0005726	300	0.68663776	2
DNASE	CL:0000837	11.757656	0.68663776	2
ATAC	EFO:0002067	19.76448	0.68165225	2
CHIP_TF	UBERON:0001264	356	0.68165225	2
CHIP_TF	EFO:0002782	422.75	0.68165225	4
DNASE	UBERON:0018115	7.9620347	0.6807933	2
ATAC	CL:0000787	4.6896167	0.6766247	2
CHIP_TF	UBERON:0000317	353	0.6766247	2
DNASE	EFO:0002067	13.67709	0.6766247	2
CHIP_TF	EFO:0002095	373.5	0.67155606	2
DNASE	EFO:0002246	15.848953	0.6664471	2
DNASE	EFO:0006639	13.91983	0.6617851	2
CHIP_TF	UBERON:0010414	466.5	0.66129875	2
CHIP_TF	CL:0000623	356	0.65088767	2
CHIP_TF	EFO:0001247	287.75	0.65088767	2
CHIP_TF	CL:0000312	292.75	0.65088767	4
ATAC	CL:0000788	5.4676275	0.64562684	2
CHIP_TF	UBERON:0001515	371	0.6403306	2
DNASE	CL:0001059	5.446681	0.63499993	2
CHIP_TF	NTR:0000512	347.5	0.6242398	2
DNASE	CL:0000134	6.5643387	0.62108356	2
CHIP_TF	UBERON:0006920	421	0.61335564	4
CHIP_TF	UBERON:0001987	303.5	0.61335564	2
CHIP_TF	EFO:0005724	310.5	0.60787	2
CHIP_TF	EFO:0002071	331	0.60787	2
DNASE	UBERON:0018116	8.155479	0.60670805	2
CHIP_TF	CL:0000127	352.75	0.602357	4
DNASE	NTR:0000512	11.722122	0.5993673	2
DNASE	EFO:0002783	9.563347	0.59681785	2
ATAC	CL:0000236	5.8362284	0.59681785	2
CHIP_TF	UBERON:0004264	482	0.59125394	4
CHIP_TF	EFO:0006711	247.5	0.5800571	2
CHIP_TF	UBERON:0006631	350	0.5800571	2
DNASE	EFO:0002108	10.539234	0.5800571	2
CHIP_TF	EFO:0002167	277.75	0.5800571	2
CHIP_TF	CL:0000062	209	0.5800571	2
CHIP_TF	CL:0002551	249.25	0.5744268	2
ATAC	EFO:0001221	11.233035	0.5744268	2
DNASE	EFO:0007750	5.7130327	0.5689814	2
CHIP_TF	UBERON:0004992	339.5	0.5631096	2
CHIP_TF	CL:0000515	169.625	0.5631096	2
CHIP_TF	UBERON:0002084	428.5	0.5631096	4
DNASE	CL:1000507	8.463938	0.5631096	2
CHIP_TF	CL:0000624	328.5	0.5631096	2
DNASE	CL:0011022	3.5603657	0.56112885	2
DNASE	CL:1000892	12.94001	0.55742544	2
CHIP_TF	UBERON:0002168	373.5	0.5517262	2
CHIP_TF	EFO:0005694	323	0.5517262	2
CHIP_TF	UBERON:0008953	368.5	0.5460134	2
CHIP_TF	CL:0000706	234.625	0.5460134	2
CHIP_TF	UBERON:0002080	315.5	0.5460134	2
CHIP_TF	CL:0000182	336.5	0.5460134	2
DNASE	CL:2000045	7.5700707	0.545117	2
CHIP_TF	CL:0000137	283	0.54028845	2
CHIP_TF	NTR:0001226	361.5	0.5345528	2
CHIP_TF	CL:0001054	347	0.5345528	2
CHIP_TF	CL:0000746	227	0.5345528	2
CHIP_TF	CL:2000044	283	0.52880806	2
CHIP_TF	EFO:0001159	236.5	0.52880806	2
CHIP_TF	EFO:0001160	205.625	0.5230556	2
CHIP_TF	EFO:0006270	256.375	0.5230556	2
DNASE	EFO:0002322	12.112099	0.5230556	2
CHIP_TF	EFO:0002074	233.25	0.5230556	2
ATAC	EFO:0002074	6.846271	0.5172971	2
CHIP_TF	CL:0002555	201.5	0.5172971	2
CHIP_TF	UBERON:0008450	281.5	0.5172971	2
CHIP_TF	CL:0002558	236	0.5115339	2
CHIP_TF	CL:0002557	215.125	0.5115339	2
CHIP_TF	CL:0002553	343	0.5115339	2
CHIP_TF	UBERON:0009834	281.75	0.50576776	2
CHIP_TF	CLO:0021754	228	0.50576776	2
CHIP_TF	CL:0000236	318	0.50576776	2
CHIP_TF	CL:0000625	318.5	0.50576776	2
CHIP_TF	EFO:0005725	267	0.5	2
CHIP_TF	EFO:0005337	222.75	0.48846605	2
CHIP_TF	EFO:0002819	379	0.48846605	2
CHIP_TF	EFO:0007112	240.75	0.4827029	2
CHIP_TF	CL:1001606	221	0.4827029	2
CHIP_TF	UBERON:0002369	365	0.4827029	4
DNASE	CL:0011020	11.458122	0.4827029	2
CHIP_TF	EFO:0001260	343	0.4827029	2
CHIP_TF	CL:0002586	256.25	0.4827029	2
CHIP_TF	EFO:0002323	286.5	0.4769444	2
CHIP_TF	NTR:0000493	294.5	0.4769444	2
CHIP_TF	EFO:0009318	308.5	0.47119197	2
CHIP_TF	CL:0002328	155.25	0.47119197	2
CHIP_TF	CL:0000679	384.5	0.47119197	10
CHIP_TF	UBERON:0001285	293.5	0.47119197	2
CHIP_TF	EFO:0002847	267.75	0.47119197	2
CHIP_TF	CL:0002547	250.625	0.4654472	2
CHIP_TF	EFO:0007610	245.75	0.4654472	2
DNASE	EFO:0005724	9.179146	0.4654472	2
CHIP_TF	CLO:0034837	248.75	0.45971158	2
CHIP_TF	EFO:0005715	213.25	0.45971158	2
CHIP_TF	CL:0011020	328.5	0.45398661	6
CHIP_TF	CLO:0021511	227.75	0.45398661	2
CHIP_TF	CL:0002306	232.75	0.45398661	2
CHIP_TF	EFO:0006710	219.5	0.44827378	2
CHIP_TF	UBERON:0000473	391.5	0.44827378	2
CHIP_TF	CL:0000115	366.5	0.44257456	2
CHIP_TF	EFO:0001161	219.375	0.44257456	2
CHIP_TF	EFO:0001162	251.125	0.44257456	2
DNASE	EFO:0007950	10.049702	0.44257456	2
CHIP_TF	EFO:0005236	337.5	0.43689045	2
CHIP_TF	CL:0002518	163.625	0.43689045	2
CHIP_TF	UBERON:0011907	347	0.43122286	4
CHIP_TF	UBERON:0001211	338	0.43122286	4
DNASE	UBERON:0002168	18.794355	0.4255732	2
CHIP_HISTONE	UBERON:0002037	302.25	0.4218197	2
CHIP_TF	CL:1001608	204.5	0.41994295	2
CHIP_TF	UBERON:0000995	370	0.41994295	4
CHIP_TF	CL:0002231	265.5	0.41994295	2
CHIP_TF	EFO:0005907	280.25	0.41433343	4
CHIP_TF	EFO:0002783	202.75	0.41433343	2
CHIP_TF	CL:0011019	365	0.41433343	2
CHIP_TF	CLO:0021752	233.875	0.41433343	2
DNASE	EFO:0001193	8.192764	0.41433343	2
CHIP_TF	CL:0002548	233.375	0.41433343	2
CHIP_TF	UBERON:0000992	371.5	0.39764303	4
CHIP_TF	EFO:0001099	339	0.39764303	2
CHIP_TF	EFO:0002779	173.625	0.39764303	2
CHIP_TF	EFO:0001200	328	0.39764303	2
CHIP_TF	UBERON:0007610	325	0.3757602	2
CHIP_TF	UBERON:0001150	304.5	0.3757602	4
CHIP_TF	CL:0011012	247.5	0.3757602	2
CHIP_TF	CL:0002606	244	0.37036404	2
CHIP_TF	EFO:0005723	249.75	0.3596694	2
DNASE	UBERON:0001224	6.99747	0.35437313	2
DNASE	EFO:0005707	9.196136	0.34911233	2
CHIP_TF	EFO:0007752	268.5	0.34911233	2
DNASE	UBERON:0018118	7.7909346	0.34388804	2
DNASE	UBERON:0005270	6.8208046	0.34388804	2
DNASE	EFO:0002083	9.850065	0.3335529	2
CHIP_TF	UBERON:0001496	341	0.32844397	2
DNASE	UBERON:0018117	6.706544	0.32337528	2
CHIP_TF	EFO:0002106	203.75	0.3133622	2
DNASE	UBERON:0004538	5.86775	0.3084194	2
CHIP_TF	UBERON:0000955	320.5	0.3084194	2
CHIP_TF	CL:0000169	228	0.3035201	2
DNASE	UBERON:0000970	5.3484573	0.26148996	2
CHIP_TF	CL:0002351	191.25	0.2526775	2
CHIP_TF	CL:0000138	119	0.2483457	2
CHIP_TF	EFO:0003045	243.25	0.23983237	2
CHIP_TF	CL:0000223	198.75	0.2274415	2
